"n","x","y","id"
"Rangaunu Harbour",173.1374,-34.9163,0
"Kaitaia East",173.2641,-35.1038,1
"Kaitaia West",173.2672,-35.1218,2
"North Cape",172.7755,-34.5055,3
"Karikari Peninsula",173.3787,-34.9953,4
"Tangonge",173.2186,-35.1231,5
"Rangitihi",173.3112,-35.1279,6
"Oruru-Parapara",173.4613,-35.0333,7
"Taumarumaru",173.5077,-34.9967,8
"Kerikeri Central",173.951,-35.2251,9
"Kaikohe",173.7977,-35.4079,10
"Ahipara",173.1609,-35.1595,11
"Waipapa",173.9184,-35.2099,12
"Kawakawa",174.0758,-35.379,13
"Whangarei Central",174.3243,-35.7285,14
"Taemaro-Oruaiti",173.5789,-35.0254,15
"Whakarara",173.8499,-35.0629,16
"Inlets Far North District",174.1582,-35.2185,17
"Kaeo",173.7433,-35.1541,18
"Kohukohu-Broadwood",173.4636,-35.2901,19
"Hokianga South",173.4844,-35.468,20
"Omahuta Forest-Horeke",173.6178,-35.2883,21
"Okaihau",173.7908,-35.2866,22
"Whakapaku",173.663,-35.0499,23
"Lake Manuwai-Kapiro",173.8654,-35.1827,24
"Puketotara",173.9033,-35.2518,25
"Riverview",173.9624,-35.2081,26
"Kerikeri South",173.9578,-35.2464,27
"Puketona-Waitangi",174.001,-35.2799,28
"Ngapuhi",173.7653,-35.4228,29
"Waima Forest",173.6295,-35.4872,30
"Waipoua Forest",173.5113,-35.5813,31
"Rangitane-Purerua",173.9391,-35.1342,32
"Paihia",174.0931,-35.2861,33
"Opua (Far North District)",174.1,-35.3227,34
"Ohaeawai-Waimate North",173.8599,-35.3352,35
"Haruru",174.0592,-35.2793,36
"Mataraua Forest",173.8054,-35.5472,37
"Moerewa",174.0252,-35.3837,38
"Queen Street",174.7652,-36.8477,39
"Manurewa East",174.9061,-37.0258,40
"Russell",174.1245,-35.2565,41
"Russell Peninsula",174.1623,-35.2868,42
"Pakaraka",173.9845,-35.3675,43
"Russell Forest-Rawhiti",174.2261,-35.3688,44
"Maromaku",174.1413,-35.4783,45
"Matawaia-Taumarere",173.9527,-35.4941,46
"Whangaruru",174.335,-35.4899,47
"Morningside (Whangarei District)",174.3201,-35.7364,48
"Port-Limeburners",174.3308,-35.7493,49
"Mangakahia-Hukerenui",174.0023,-35.653,50
"Kamo Central",174.3049,-35.6849,51
"Matarau",174.2099,-35.6673,52
"Hikurangi",174.2872,-35.5945,53
"Kauri",174.2867,-35.6294,54
"Maungatapere",174.1547,-35.7621,55
"Kamo West",174.2951,-35.6701,56
"Tikipunga North",174.323,-35.6809,57
"Kensington (Whangarei District)",174.3083,-35.7131,58
"Maunu-Horahora",174.2904,-35.7376,59
"Tarewa",174.309,-35.7418,60
"Dargaville",173.8652,-35.9392,61
"Kiripaka",174.4029,-35.6467,62
"Whau Valley",174.2958,-35.7052,63
"Pukenui",174.255,-35.7464,64
"Tikipunga South",174.3317,-35.6946,65
"Mairtown",174.3243,-35.7045,66
"Woodhill-Vinetown",174.3096,-35.727,67
"Marsden Bay",174.4869,-35.8434,68
"Granfield Reserve",174.2951,-35.6902,69
"Abbey Caves-Glenbervie",174.3612,-35.704,70
"Ruakaka",174.4573,-35.8787,71
"Matapouri-Tutukaka",174.478,-35.5979,72
"Otangarei",174.3177,-35.6933,73
"Kamo East",174.3098,-35.6775,74
"Raumanga",174.299,-35.7497,75
"Otaika-Portland",174.2858,-35.781,76
"Oakleigh-Mangapai",174.216,-35.8959,77
"Onerahi Park",174.3726,-35.7525,78
"Onerahi",174.3635,-35.7662,79
"Bream Bay",174.3839,-35.915,80
"Ngunguru",174.5147,-35.6246,81
"Auckland-University",174.7691,-36.8514,82
"Riverside",174.3396,-35.726,83
"Waipu",174.4508,-36.0333,84
"Parua Bay",174.4281,-35.76,85
"Bream Head",174.5359,-35.8191,86
"Sherwood Rise",174.3618,-35.7487,87
"Maungaturoto",174.3469,-36.1095,88
"Hilltop (Taupo District)",176.0992,-38.6998,89
"Mangawhai Heads",174.5841,-36.0944,90
"Mangawhai",174.5765,-36.1249,91
"Maungaru",173.9709,-35.877,92
"Ruawai-Matakohe",174.1465,-36.0848,93
"Kaipara Coastal",173.6512,-35.729,94
"Otamatea (Kaipara District)",174.3233,-36.2062,95
"Kaiwaka",174.4195,-36.2014,96
"Wellsford",174.5215,-36.2928,97
"Mangawhai Rural",174.5456,-36.1174,98
"Warkworth West",174.6516,-36.3889,99
"Warkworth East",174.6679,-36.4053,100
"Cape Rodney",174.6264,-36.2543,101
"North Harbour",174.715,-36.7463,102
"Kaipara Hills",174.4888,-36.4635,103
"Dome Valley-Matakana",174.6867,-36.341,104
"Puhoi Valley",174.6248,-36.4685,105
"Tawharanui Peninsula",174.7918,-36.366,106
"Snells Beach",174.7252,-36.4202,107
"Silverdale Central (Auckland)",174.6749,-36.624,108
"Albany Central",174.7048,-36.7282,109
"Takapuna West",174.7612,-36.7891,110
"Quay Street-Customs Street",174.7765,-36.846,111
"Okahukura Peninsula",174.4783,-36.3161,112
"Sandspit",174.6985,-36.3978,113
"Algies Bay-Scotts Landing",174.7461,-36.457,114
"Wairau Valley",174.7345,-36.7736,115
"Henderson Lincoln East",174.6341,-36.8559,116
"Wynyard-Viaduct",174.7579,-36.8433,117
"Shortland Street",174.7682,-36.8474,118
"Eden Terrace",174.7596,-36.8646,119
"Mount St John",174.7804,-36.8824,120
"Penrose",174.8226,-36.92,121
"Te Kuru",174.484,-36.6034,122
"Parakai",174.436,-36.6576,123
"Helensville Rural",174.4987,-36.6495,124
"Helensville",174.4543,-36.675,125
"Waikoukou Valley",174.5157,-36.7099,126
"Waimauku",174.4644,-36.7806,127
"Kumeu Rural West",174.5213,-36.7904,128
"Kumeu-Huapai",174.5429,-36.77,129
"Kumeu Rural East",174.5746,-36.7766,130
"Whenuapai",174.6214,-36.7916,131
"Albany South",174.7095,-36.7388,132
"Westgate Central",174.6058,-36.8146,133
"Henderson Valley",174.5692,-36.9064,134
"Henderson Lincoln South",174.6237,-36.8672,135
"Henderson Central",174.6293,-36.8897,136
"Rosebank Peninsula",174.6758,-36.8809,137
"Parnell West",174.778,-36.8568,138
"Newmarket",174.7771,-36.8685,139
"Ellerslie West",174.8061,-36.899,140
"Auckland Airport",174.774,-36.9891,141
"East Tamaki",174.8871,-36.9382,142
"Waitoki",174.5842,-36.6373,143
"Orewa South",174.6858,-36.5901,144
"Orewa Central",174.6945,-36.5873,145
"Waiake",174.7444,-36.7067,146
"Albany West",174.6879,-36.7415,147
"Hobson Ridge North",174.7628,-36.8471,148
"Orewa North",174.6759,-36.5811,149
"Millwater South",174.67,-36.6123,150
"Dairy Flat West",174.6189,-36.671,151
"Kingsway",174.6865,-36.6061,152
"Whangaparoa Central",174.7336,-36.6366,153
"Takapuna Central",174.7695,-36.782,154
"Akoranga",174.7545,-36.7966,155
"Stanley Point",174.7841,-36.8266,156
"Victoria Park",174.7566,-36.8486,157
"Grafton",174.7683,-36.8601,158
"Mount Eden North East",174.7656,-36.8691,159
"Onehunga-Te Papapa Industrial",174.7949,-36.9261,160
"Mount Wellington Industrial",174.8516,-36.9205,161
"Dairy Flat North",174.6537,-36.6447,162
"Red Beach West",174.6955,-36.6113,163
"Coatesville",174.6434,-36.7227,164
"Long Bay",174.7331,-36.6895,165
"Northcross",174.7308,-36.7117,166
"Browns Bay Central",174.7433,-36.7143,167
"Forrest Hill West",174.7451,-36.769,168
"Grey Lynn East",174.7521,-36.8618,169
"South Head",174.3123,-36.5935,170
"Mount Albert West",174.7077,-36.882,171
"Riverhead",174.5837,-36.7581,172
"New Lynn Central",174.686,-36.9075,173
"Windsor Park",174.7357,-36.7398,174
"Taupaki",174.5542,-36.8216,175
"West Harbour West",174.6225,-36.8187,176
"Massey West",174.6074,-36.8499,177
"Red Beach East",174.7049,-36.6059,178
"Stanmore Bay East",174.7418,-36.6293,179
"Manly East",174.7613,-36.6334,180
"Westlake",174.7536,-36.7766,181
"Stanmore Bay West",174.7272,-36.623,182
"Vipond",174.718,-36.618,183
"Karangahape",174.7564,-36.859,184
"Wiri West",174.8624,-37.0083,185
"Rothesay Bay",174.7473,-36.7236,186
"Ponsonby East",174.7416,-36.8514,187
"Freemans Bay",174.7504,-36.8522,188
"Hobson Ridge South",174.7581,-36.8543,189
"Queen Street South West",174.7613,-36.8543,190
"Greenlane North",174.793,-36.8916,191
"Silverdale (Hamilton City)",175.3291,-37.7913,192
"Pinehill",174.7236,-36.7313,193
"Manukau Central",174.8695,-36.9914,194
"Gulf Harbour North",174.7941,-36.6095,195
"Chatswood",174.7105,-36.8184,196
"Epsom North",174.7707,-36.877,197
"Torbay",174.7509,-36.6951,198
"Milford Central",174.7685,-36.7717,199
"Paremoremo East",174.6602,-36.7498,200
"Waipatukahu",174.4207,-36.7791,201
"Muriwai Valley-Bethells Beach",174.4703,-36.8197,202
"Manly West",174.753,-36.6334,203
"Tindalls-Matakatia",174.777,-36.6166,204
"Oteha East",174.7221,-36.7166,205
"Gulf Harbour South",174.796,-36.6232,206
"Murrays Bay West",174.7417,-36.7318,207
"West Harbour Clearwater Cove",174.637,-36.8105,208
"West Harbour Luckens Point",174.637,-36.818,209
"Swanson",174.5846,-36.8649,210
"Birkenhead South",174.7303,-36.816,211
"Panmure Glen Innes Industrial",174.8508,-36.8837,212
"Otahuhu Central",174.836,-36.9418,213
"Muriwai",174.4292,-36.8253,214
"Waitakere",174.5407,-36.857,215
"Glendene South",174.6542,-36.8969,216
"Millwater North",174.6723,-36.6015,217
"Dairy Flat South",174.6792,-36.6956,218
"Morningside (Auckland)",174.732,-36.8731,219
"Middlemore",174.8431,-36.9604,220
"Westgate South",174.6079,-36.8271,221
"Symonds Street West",174.7633,-36.8568,222
"Paremoremo West",174.6158,-36.7551,223
"Birkdale North",174.7009,-36.7937,224
"Glenfield Central",174.7259,-36.7848,225
"Symonds Street North West",174.7659,-36.855,226
"Eden Valley",174.7526,-36.8746,227
"Fairview Heights",174.7168,-36.7101,228
"Glamorgan",174.7406,-36.7013,229
"Hobsonville Point",174.6617,-36.7969,230
"Mairangi Bay North",174.7465,-36.7386,231
"Sunnynook South",174.7359,-36.7553,232
"Northcote South (Auckland)",174.7385,-36.8065,233
"Anzac Avenue",174.772,-36.8477,234
"Wesley South",174.7311,-36.9093,235
"Glenfield West",174.7179,-36.7827,236
"Northcote Central (Auckland)",174.7444,-36.7989,237
"Hobsonville",174.6281,-36.8099,238
"Te Atatu South-McLeod South",174.6501,-36.8808,239
"Kelston South",174.6627,-36.9038,240
"Favona North",174.809,-36.9492,241
"Takanini South East",174.9451,-37.049,242
"Henderson North",174.6253,-36.8761,243
"Oratia",174.6118,-36.9449,244
"Awaruku",174.7273,-36.6999,245
"Devonport",174.7969,-36.8272,246
"Unsworth Heights West",174.7113,-36.7589,247
"Hillcrest East (Auckland)",174.7362,-36.7944,248
"Northcote Point (Auckland)",174.7445,-36.8161,249
"Grey Lynn North",174.7358,-36.8588,250
"Te Atatu Peninsula West",174.647,-36.8487,251
"Onehunga Central",174.7871,-36.9197,252
"Greenhithe East",174.6893,-36.7641,253
"Unsworth Heights East",174.7198,-36.756,254
"Glenfield North",174.7266,-36.7739,255
"Symonds Street East",174.7664,-36.8569,256
"Greenhithe West",174.6735,-36.7735,257
"Forrest Hill North",174.7465,-36.7572,258
"Epsom Central-North",174.7699,-36.8878,259
"Albany Heights",174.694,-36.718,260
"Browns Bay South East",174.7377,-36.7248,261
"Sunnynook North",174.7417,-36.7509,262
"Te Atatu South-Central",174.6495,-36.8622,263
"Murrays Bay East",174.7516,-36.731,264
"Mairangi Bay South",174.7486,-36.7439,265
"Royal Heights North",174.6277,-36.8285,266
"Te Atatu Peninsula Central",174.6517,-36.8361,267
"Mount Albert Central",174.7234,-36.8835,268
"St Lukes",174.7313,-36.8818,269
"Hillsborough North (Auckland)",174.7582,-36.9136,270
"Otara Central",174.8768,-36.9559,271
"Totara Vale North",174.7301,-36.7597,272
"Castor Bay",174.7618,-36.7604,273
"Belmont (Auckland)",174.7882,-36.8052,274
"Mount Eden East",174.7605,-36.885,275
"Botany Junction",174.8964,-36.9596,276
"Massey South",174.6163,-36.8499,277
"Henderson Larnoch",174.618,-36.8592,278
"Avondale South (Auckland)",174.6975,-36.9034,279
"Birkdale South",174.7076,-36.8004,280
"Glenfield East",174.7346,-36.7803,281
"Milford West",174.7602,-36.7713,282
"Herne Bay",174.7316,-36.8449,283
"Massey Royal Road West",174.6125,-36.8343,284
"Royal Heights South",174.6283,-36.8355,285
"Massey East",174.6206,-36.8435,286
"Glen Eden Woodglen",174.6433,-36.9175,287
"Avondale North (Auckland)",174.6956,-36.8895,288
"Epsom East",174.7783,-36.8953,289
"Massey Central",174.606,-36.8391,290
"Henderson Lincoln West",174.6241,-36.8598,291
"Glen Eden Central",174.653,-36.9156,292
"Bayview West",174.7046,-36.7759,293
"Bayview South",174.7036,-36.782,294
"Ellerslie Central",174.8075,-36.892,295
"Summerland North",174.6135,-36.876,296
"Western Heights (Auckland)",174.6131,-36.8874,297
"Henderson North East",174.6401,-36.8794,298
"Westmere South-Western Springs",174.7224,-36.8604,299
"Glen Eden North",174.657,-36.9077,300
"Konini",174.6437,-36.9292,301
"Kaurilands",174.6558,-36.9295,302
"Blockhouse Bay East",174.7093,-36.9211,303
"Hillcrest North (Auckland)",174.7438,-36.79,304
"Narrow Neck",174.7966,-36.8157,305
"Bayview East",174.7134,-36.77,306
"Mount Wellington North West",174.8293,-36.8939,307
"Beach Haven East",174.6936,-36.7927,308
"Glenfield South West",174.7129,-36.7894,309
"Beach Haven South",174.6942,-36.8071,310
"Birkenhead West",174.7129,-36.8064,311
"Birkenhead North",174.7269,-36.8073,312
"Ranui North",174.6022,-36.8601,313
"Te Atatu South-Edmonton",174.6422,-36.8647,314
"Takapuna South",174.781,-36.7952,315
"Kingsland",174.7459,-36.8703,316
"Orakei West",174.8153,-36.8571,317
"Beach Haven West",174.6862,-36.7933,318
"Blockhouse Bay South",174.6984,-36.9253,319
"Ranui Domain",174.6043,-36.8659,320
"Sunnyvale East",174.6425,-36.8996,321
"Kelston North",174.6663,-36.8958,322
"Te Atatu Peninsula East",174.6562,-36.8435,323
"Grey Lynn West",174.7337,-36.8644,324
"Saint Marys Bay",174.7467,-36.8407,325
"Forrest Hill East",174.7522,-36.7643,326
"Ranui South East",174.6047,-36.8719,327
"Henderson East",174.6385,-36.8868,328
"Swanson Rural",174.5711,-36.8811,329
"Glendene North",174.649,-36.8921,330
"Mount Albert North",174.7177,-36.8748,331
"Point Chevalier East",174.7141,-36.867,332
"Te Atatu Peninsula North West",174.6488,-36.8266,333
"Green Bay North",174.6853,-36.9263,334
"Avondale Central (Auckland)",174.6952,-36.8955,335
"Te Atatu South-McLeod North",174.6469,-36.8741,336
"Hobson Ridge Central",174.7605,-36.8507,337
"Maungawhau",174.7543,-36.8909,338
"Hauraki",174.7769,-36.8006,339
"Otahuhu North",174.8472,-36.9383,340
"Henderson Valley Park",174.6171,-36.8923,341
"Glen Eden Rosier",174.6364,-36.9154,342
"Balmoral",174.745,-36.8872,343
"Sylvia Park",174.8405,-36.9149,344
"Mangere Central",174.7988,-36.971,345
"Western Heights (Rotorua District)",176.221,-38.1237,346
"Mangere Bridge Ambury",174.7688,-36.9478,347
"Titirangi South",174.6562,-36.9458,348
"New Lynn Central South",174.6823,-36.9138,349
"Piha",174.4742,-36.9619,350
"Waima-Woodlands Park",174.6354,-36.9467,351
"Laingholm",174.6308,-36.9646,352
"New Lynn South",174.6828,-36.9211,353
"Waiatarua",174.5947,-36.9223,354
"Sandringham North",174.7399,-36.8805,355
"Bayswater",174.778,-36.8141,356
"Avondale Rosebank",174.6797,-36.889,357
"New Lynn North West",174.6717,-36.9079,358
"Fruitvale",174.6647,-36.9145,359
"Blockhouse Bay North",174.6966,-36.9145,360
"Lynfield North",174.7176,-36.9195,361
"Owairaka West",174.7111,-36.8953,362
"Mount Eden North",174.761,-36.8748,363
"Eden Park",174.746,-36.8748,364
"Cheltenham",174.8066,-36.8254,365
"Ponsonby West",174.7344,-36.8502,366
"Remuera Waitaramoa",174.7942,-36.8715,367
"Remuera North",174.804,-36.8685,368
"Sunnyhills West-Pakuranga North",174.8727,-36.9085,369
"Otahuhu South West",174.8401,-36.9522,370
"Grey Lynn Central",174.7462,-36.8621,371
"Point Chevalier West",174.7025,-36.8656,372
"Westmere North",174.7186,-36.8544,373
"Green Bay South",174.6773,-36.9335,374
"Panmure West",174.8447,-36.8997,375
"Remuera South",174.7953,-36.8844,376
"Waterview",174.6994,-36.8795,377
"New Windsor South",174.7164,-36.9085,378
"Mount Roskill Central North",174.743,-36.9088,379
"Royal Oak East (Auckland)",174.7766,-36.9118,380
"Glen Eden West",174.6288,-36.913,381
"Mount Albert South",174.7169,-36.8895,382
"Remuera West",174.7859,-36.8701,383
"Otahuhu Industrial",174.828,-36.9502,384
"Parnell East",174.7875,-36.8562,385
"Epsom Central-South",174.7679,-36.8968,386
"The Strand",174.7745,-36.8503,387
"Mount Roskill North",174.7442,-36.9005,388
"Three Kings East",174.7584,-36.9043,389
"Mangere Bridge",174.7885,-36.9436,390
"Mission Bay",174.8324,-36.8558,391
"Hillsborough West (Auckland)",174.7473,-36.9199,392
"Lynfield South",174.7201,-36.9301,393
"Kohimarama",174.8409,-36.8577,394
"Saint Heliers North",174.8619,-36.8523,395
"Glendowie South",174.8672,-36.8647,396
"Marlborough Sounds East",174.0401,-41.3213,397
"West Lynn",174.6662,-36.9252,398
"Glenavon",174.7032,-36.9092,399
"Ellerslie South",174.8156,-36.9007,400
"Botany Downs West",174.9141,-36.9095,401
"Saint Johns West",174.8337,-36.8821,402
"Royal Oak West (Auckland)",174.7693,-36.9101,403
"Mount Wellington South East",174.8554,-36.927,404
"Sandringham Central",174.7339,-36.8882,405
"Onetangi",175.0784,-36.7958,406
"New Lynn Seabrook",174.6718,-36.9179,407
"Wesley East",174.7341,-36.9033,408
"Howick Central",174.9237,-36.8992,409
"Mangere South",174.7951,-36.9788,410
"Mount Roskill Central South",174.7383,-36.9158,411
"Mount Eden West",174.7536,-36.8838,412
"Mount Eden South",174.7545,-36.8958,413
"Waikowhai South",174.7469,-36.93,414
"Wesley West",174.7265,-36.8988,415
"Orakei East",174.8233,-36.8537,416
"Mount Roskill White Swan",174.726,-36.9148,417
"Mount Roskill South",174.7301,-36.9245,418
"Waikowhai North",174.74,-36.9259,419
"Remuera Waiata",174.8044,-36.8774,420
"Saint Heliers West",174.8507,-36.8571,421
"Mangere East",174.8392,-36.9693,422
"Papatoetoe Central",174.858,-36.9746,423
"Remuera East",174.8214,-36.8761,424
"Remuera Abbotts Park",174.8131,-36.8849,425
"Mangere Mountain View",174.7859,-36.9525,426
"Glendowie North",174.8737,-36.8554,427
"Pukekohe Central",174.9133,-37.2089,428
"Hillsborough East (Auckland)",174.7565,-36.9199,429
"Onehunga West",174.7742,-36.9197,430
"Greenlane South",174.7988,-36.9008,431
"Meadowbank West",174.8257,-36.8696,432
"Saint Heliers South",174.8563,-36.864,433
"Howick East",174.9304,-36.9009,434
"Te Papapa",174.7965,-36.9186,435
"Saint Johns East",174.8461,-36.8755,436
"Glen Innes West",174.8569,-36.8732,437
"Ellerslie East",174.8211,-36.8923,438
"Papakura Central",174.9428,-37.0654,439
"Glen Innes East-Wai O Taiki Bay",174.8712,-36.8736,440
"Pakuranga Heights East",174.899,-36.9086,441
"Meadowbank East",174.837,-36.8698,442
"One Tree Hill",174.7822,-36.9012,443
"Panmure East",174.8604,-36.9023,444
"Campus South",170.5121,-45.8679,445
"Takanini Central",174.9259,-37.0507,446
"Mount Wellington Central",174.8446,-36.9083,447
"Pakuranga Central",174.8778,-36.9147,448
"Stonefields East",174.8426,-36.8889,449
"Mount Wellington North East",174.8429,-36.894,450
"Oneroa East-Palm Beach",175.0522,-36.7793,451
"Surfdale",175.0299,-36.7961,452
"Ostend",175.0522,-36.7926,453
"Waiheke East",175.128,-36.798,454
"Sunnyvale West-Parrs Park",174.6307,-36.9037,455
"Point England",174.8653,-36.8839,456
"Tamaki",174.8619,-36.8952,457
"Pakuranga West",174.8688,-36.9182,458
"Mount Wellington Ferndale",174.8318,-36.9021,459
"Botany Central",174.9122,-36.9312,460
"Melrose",174.7891,-41.3243,461
"Mount Wellington West",174.8277,-36.9112,462
"Harania South",174.8146,-36.9675,463
"Highland Park (Auckland)",174.9094,-36.9047,464
"Half Moon Bay West",174.8967,-36.886,465
"Eastern Beach",174.9135,-36.8767,466
"Bucklands Beach Central",174.9077,-36.88,467
"Half Moon Bay South East",174.9025,-36.8947,468
"Bucklands Beach South",174.9132,-36.8898,469
"Mellons Bay",174.9304,-36.8872,470
"Northpark South",174.9164,-36.9227,471
"Turanga",174.9885,-36.9641,472
"Favona East",174.8109,-36.9559,473
"Takanini Industrial",174.9154,-37.0336,474
"Oneroa West",174.9997,-36.7877,475
"Stonefields West",174.8372,-36.8868,476
"Mount Wellington East",174.8388,-36.9015,477
"Pakuranga Heights North West",174.8886,-36.9116,478
"Favona West",174.8001,-36.9559,479
"Mangere West",174.79,-36.9656,480
"Papatoetoe South West",174.8468,-36.9895,481
"Bucklands Beach North",174.9038,-36.8607,482
"Farm Cove",174.8838,-36.8955,483
"Half Moon Bay North East",174.9049,-36.8865,484
"Somerville",174.9339,-36.9123,485
"Ormiston North",174.9131,-36.9641,486
"Chapel Downs",174.9021,-36.9719,487
"Massey Road West",174.8244,-36.9653,488
"Otahuhu South",174.85,-36.9472,489
"Mangere South East",174.8274,-36.987,490
"Aorere South",174.8376,-36.9814,491
"Puhinui North",174.8624,-36.9835,492
"Ramarama",174.9341,-37.1595,493
"Harania North",174.8103,-36.9617,494
"Aorere Central",174.8303,-36.9768,495
"Sutton Park",174.8221,-36.9587,496
"Massey Road North",174.8326,-36.964,497
"Pakuranga Heights South West",174.8868,-36.9199,498
"Grange",174.8494,-36.9638,499
"Botany South",174.9141,-36.9386,500
"Howick West",174.9198,-36.8932,501
"Mount Wellington South West",174.846,-36.9311,502
"Kingseat-Karaka",174.8215,-37.1244,503
"Ardmore",175.0115,-37.0618,504
"Glenbrook",174.7553,-37.2018,505
"Hingaia",174.9142,-37.0737,506
"Papakura Industrial",174.9643,-37.0733,507
"Drury",174.9367,-37.1061,508
"Tamakae",174.7233,-37.2447,509
"Hamilton Estate",174.7395,-37.2458,510
"Drury Rural",174.9748,-37.1122,511
"Waiuku Central",174.7278,-37.2558,512
"Waiuku East",174.735,-37.258,513
"Kendallvale",174.7507,-37.2531,514
"Pukekohe North West",174.8958,-37.1823,515
"Aka Aka",174.7751,-37.2913,516
"Mangere Mascot",174.8095,-36.9733,517
"Puhinui East",174.8718,-36.9822,518
"Papatoetoe East",174.8735,-36.9724,519
"Cockle Bay",174.9433,-36.8977,520
"Northpark North",174.9225,-36.9172,521
"Botany North",174.9261,-36.925,522
"Baverstock",174.9167,-36.9553,523
"Sunnyhills East",174.8914,-36.9014,524
"Otara West",174.8653,-36.9559,525
"Botany Downs East",174.9218,-36.91,526
"Manurewa Central",174.8915,-37.0211,527
"Dingwall",174.8607,-36.9634,528
"Papatoetoe West",174.8465,-36.9801,529
"Rowandale East",174.8809,-37.0253,530
"Manurewa South",174.9004,-37.0314,531
"Golflands",174.9078,-36.9214,532
"Shelly Park",174.9465,-36.9083,533
"Aorere North",174.8267,-36.9736,534
"Karaka Lakes",174.9265,-37.0846,535
"Otara South",174.8764,-36.9683,536
"Ormiston South",174.9176,-36.976,537
"Papatoetoe South",174.8673,-36.9775,538
"Puhinui South",174.8589,-36.9891,539
"Donegal Park",174.9079,-36.9775,540
"Otara East",174.8863,-36.9549,541
"Ferguson",174.8825,-36.9662,542
"Rongomai East",174.8943,-36.9728,543
"Dannemora North",174.9122,-36.9458,544
"Papatoetoe North",174.8494,-36.9709,545
"Wiri East",174.8871,-36.999,546
"Clendon Park East",174.8651,-37.0323,547
"Takanini North",174.9323,-37.0262,548
"Goodwood Heights",174.8973,-36.9942,549
"The Gardens (Auckland)",174.913,-37.0016,550
"Te Puru",175.0032,-36.8963,551
"Maraetai",175.038,-36.8877,552
"Clevedon",175.0459,-37.0148,553
"Dannemora South",174.9097,-36.9521,554
"Clover Park North",174.8931,-36.9796,555
"Clover Park South",174.8901,-36.9856,556
"Rongomai West",174.8893,-36.9739,557
"Mission Heights South",174.9322,-36.965,558
"Sunkist Bay",174.9978,-36.8826,559
"Puni",174.8474,-37.2137,560
"Hilltop (Auckland)",174.9077,-36.9857,561
"Hillpark South",174.9004,-37.0172,562
"Mission Heights North",174.9309,-36.9582,563
"Burbank",174.868,-37.0214,564
"Homai West",174.878,-37.0189,565
"Leabank",174.8873,-37.0322,566
"Rowandale West",174.8722,-37.0286,567
"Weymouth North",174.8653,-37.0394,568
"Weymouth East",174.8776,-37.0373,569
"Clendon Park North",174.86,-37.0245,570
"Randwick Park East",174.9178,-37.0199,571
"Bombay Hills",175.0023,-37.1754,572
"Alfriston",174.9208,-37.0125,573
"Papakura Kelvin",174.9624,-37.0593,574
"Karaka Creek",174.7644,-37.1344,575
"Papakura North",174.9479,-37.0574,576
"Rosehill",174.9381,-37.0807,577
"Patumahoe",174.8351,-37.1769,578
"Clarks Beach",174.7076,-37.1384,579
"Weymouth South",174.863,-37.0468,580
"Takanini South",174.9389,-37.0416,581
"Wattle Downs East",174.8929,-37.0472,582
"Wattle Downs North",174.8949,-37.0387,583
"Takanini West",174.9211,-37.0407,584
"Wattle Downs West",174.8752,-37.0513,585
"Conifer Grove West",174.9129,-37.0487,586
"Papakura Massey Park",174.9548,-37.0663,587
"Awhitu",174.6322,-37.1499,588
"Anselmi Ridge",174.9355,-37.1863,589
"Buckland",174.9192,-37.2273,590
"Ngatea",175.4915,-37.279,591
"Kawakawa Bay-Orere",175.152,-36.9841,592
"Hunua",175.0817,-37.0826,593
"Papakura West",174.9342,-37.0565,594
"Pahurehure",174.9327,-37.0686,595
"Papakura North East",174.9659,-37.0514,596
"Opaheke",174.948,-37.0768,597
"Rosa Birch Park",174.8959,-37.2071,598
"Rooseville Park",174.9131,-37.197,599
"Cloverlea (Auckland)",174.8926,-37.2159,600
"Red Hill",174.9773,-37.0674,601
"Pukekohe West",174.888,-37.201,602
"Ararimu",175.0825,-37.1469,603
"Tuakau Rural",174.9523,-37.2862,604
"Tuakau North",174.9482,-37.2572,605
"Tuakau South",174.9407,-37.2815,606
"Pukekohe Hospital",174.9026,-37.2123,607
"Pokeno Rural",175.0048,-37.2701,608
"Mangatangi",175.1758,-37.155,609
"Coromandel",175.4957,-36.7558,610
"Whitianga South",175.6936,-36.8336,611
"Thames Central",175.5414,-37.1403,612
"Colville",175.4816,-36.6997,613
"Mercury Bay North",175.6118,-36.8437,614
"Whitianga North",175.6737,-36.8214,615
"Mercury Bay South",175.7164,-36.9722,616
"Cooks Beach-Ferry Landing",175.7478,-36.8406,617
"Totora-Kopu",175.5601,-37.1679,618
"Thames North",175.5459,-37.1315,619
"Thames South",175.559,-37.1491,620
"Matatoki-Puriri",175.6609,-37.2373,621
"Paeroa",175.6739,-37.3754,622
"Tairua",175.8534,-36.9946,623
"Thames Coast",175.5438,-37.0048,624
"Kauaeranga",175.6252,-37.1074,625
"Hikuai",175.7681,-37.101,626
"Pauanui",175.8549,-37.0339,627
"Whangamata",175.8666,-37.2135,628
"Whangamata Rural",175.8301,-37.1753,629
"Waihi Rural",175.7843,-37.4366,630
"Waihi North",175.8335,-37.3862,631
"Waihi South",175.8375,-37.3973,632
"Hauraki Plains North",175.3965,-37.264,633
"Miranda-Pukorokoro",175.2761,-37.1135,634
"Hauraki Plains East",175.5435,-37.2382,635
"Hauraki Plains South",175.4825,-37.3553,636
"Maramarua",175.2148,-37.279,637
"Paeroa Rural",175.5786,-37.3935,638
"Tahuna-Mangateparu",175.4648,-37.5213,639
"Te Aroha East",175.7092,-37.5338,640
"Morrinsville West",175.5191,-37.6579,641
"Te Aroha West",175.7007,-37.551,642
"Te Rapa South",175.2411,-37.7614,643
"Waihi East",175.8556,-37.3823,644
"Waihi Beach-Bowentown",175.9556,-37.4281,645
"Katikati",175.9255,-37.5521,646
"Tauranga Central",176.167,-37.6795,647
"Onewhero",174.8755,-37.3642,648
"Pokeno",175.0202,-37.2442,649
"Pukekawa",175.0053,-37.3559,650
"Rangiriri",175.0901,-37.3897,651
"Te Kauwhata",175.148,-37.4025,652
"Huntly Rural",175.1913,-37.5304,653
"Waerenga",175.3085,-37.4238,654
"Huntly East",175.1655,-37.5541,655
"Frankton Junction",175.2626,-37.7965,656
"Hamilton Central",175.282,-37.7894,657
"Port Waikato-Waikaretu",174.7802,-37.4633,658
"Ngaruawahia North",175.1535,-37.6621,659
"Ngaruawahia Central",175.1451,-37.6664,660
"Te Rapa North",175.2207,-37.7323,661
"Rototuna North",175.2651,-37.7174,662
"Miropiko",175.2716,-37.7646,663
"Porritt",175.2864,-37.7588,664
"Hamilton Lake",175.2735,-37.7979,665
"Hamilton East Village",175.2932,-37.7903,666
"Hamilton West",175.2844,-37.8007,667
"Hillcrest West (Hamilton City)",175.3133,-37.7955,668
"Huntly West",175.1387,-37.536,669
"Te Akau",175.0456,-37.6971,670
"Taupiri-Lake Kainui",175.1884,-37.6586,671
"Kirikiriroa",175.2747,-37.782,672
"Whitikahu",175.3172,-37.571,673
"Horotiu",175.2025,-37.7026,674
"Resthill",175.2874,-37.8257,675
"Hamilton Park",175.3389,-37.7485,676
"Nawton East",175.2402,-37.7796,677
"Te Uku",174.9382,-37.8832,678
"Whatawhata East",175.1591,-37.8004,679
"Ruakura",175.3176,-37.7724,680
"Kainui-Gordonton",175.275,-37.6594,681
"Morrinsville East",175.5361,-37.6477,682
"Peachgrove",175.2973,-37.7769,683
"Raglan",174.8538,-37.8114,684
"Dinsdale South",175.2393,-37.7984,685
"Ngaruawahia South",175.1434,-37.6807,686
"Horsham Downs",175.2819,-37.7063,687
"Te Manatu",175.282,-37.7262,688
"Riverlea",175.3249,-37.8052,689
"Pukete East",175.2444,-37.7416,690
"Dinsdale North",175.2458,-37.7887,691
"Pukete West",175.2353,-37.7394,692
"Rotokauri",175.2205,-37.7965,693
"Te Kowhai",175.1633,-37.7219,694
"Tamahere North",175.3527,-37.8126,695
"Chartwell",175.2772,-37.754,696
"Maeroa",175.2603,-37.7783,697
"Whitiora",175.2705,-37.7776,698
"Swarbrick",175.2522,-37.794,699
"Lake Cameron",175.2937,-37.8524,700
"Te Awamutu North",175.3217,-37.9987,701
"Chedworth",175.285,-37.7507,702
"Hillcrest East (Hamilton City)",175.3217,-37.7961,703
"Pukemoremore",175.4231,-37.8,704
"Cambridge North",175.47,-37.874,705
"Cambridge West",175.4578,-37.887,706
"Cambridge Central",175.4716,-37.8932,707
"Tamahere South",175.3898,-37.8474,708
"Claudelands",175.2879,-37.7797,709
"Hautapu Rural",175.4413,-37.8455,710
"Hautapu",175.4437,-37.8789,711
"Te Awamutu Central",175.3264,-38.0102,712
"Eureka-Tauwhare",175.433,-37.7396,713
"Fencourt",175.4826,-37.8489,714
"Karapiro",175.5689,-37.8711,715
"Mangaiti",175.6287,-37.5007,716
"Tatuanui",175.5935,-37.6416,717
"Tahuroa",175.5248,-37.699,718
"Waitoa-Ngarua",175.705,-37.6435,719
"Matamata South",175.7712,-37.8175,720
"Waihou-Manawaru",175.7684,-37.5977,721
"Waharoa-Peria",175.735,-37.7876,722
"Richmond Downs-Wardville",175.7456,-37.716,723
"Matamata North",175.7807,-37.8092,724
"Okauia",175.8458,-37.7729,725
"Hinuera",175.7206,-37.8761,726
"Bethlehem Central",176.115,-37.7066,727
"Te Poi",175.8731,-37.8715,728
"Tirau",175.8143,-37.9592,729
"Putararu",175.7847,-38.0529,730
"Flagstaff South",175.2399,-37.7294,731
"Flagstaff East",175.2538,-37.7342,732
"Rototuna Central",175.2654,-37.7266,733
"Rototuna South",175.2699,-37.7365,734
"Saint Andrews West",175.2503,-37.7531,735
"St James",175.2838,-37.7357,736
"Beerescourt",175.2615,-37.7637,737
"Enderley South",175.2965,-37.7701,738
"Flagstaff North",175.2477,-37.7223,739
"Queenwood (Hamilton City)",175.2662,-37.7465,740
"Hamilton East",175.3008,-37.8013,741
"Melville South",175.2785,-37.8157,742
"Crawshaw",175.235,-37.7721,743
"Saint Andrews East",175.2617,-37.7533,744
"Forest Lake (Hamilton City)",175.2529,-37.7713,745
"Fairfield (Hamilton City)",175.2841,-37.7689,746
"Fairview Downs",175.3032,-37.7613,747
"Peacockes",175.313,-37.8235,748
"Melville North",175.2794,-37.8109,749
"Deanwell",175.2742,-37.8203,750
"Kahikatea",175.2505,-37.8013,751
"Bader",175.2924,-37.8093,752
"Kaipaki",175.3541,-37.8843,753
"Enderley North",175.2942,-37.7626,754
"Greensboro",175.3102,-37.7858,755
"Ngahinapouri",175.205,-37.8655,756
"Hamilton East Cook",175.3034,-37.7914,757
"Glenview",175.2905,-37.8191,758
"Pirongia",175.2047,-37.9944,759
"Goodfellow Park",175.3168,-38.0068,760
"Otorohanga",175.2168,-38.1832,761
"Sherwin Park",175.336,-38.0176,762
"Pekerau",175.3445,-38.008,763
"Pokuru",175.2579,-38.0237,764
"Te Awamutu Stadium",175.3153,-38.016,765
"Te Rahu",175.3486,-37.9496,766
"Kihikihi Central",175.3508,-38.038,767
"Te Awamutu West",175.3047,-38.0085,768
"Tokanui",175.3219,-38.0695,769
"Oaklands-St Kilda",175.4879,-37.8783,770
"Leamington West",175.4709,-37.9033,771
"Cambridge East",175.4735,-37.8822,772
"Cambridge Park-River Garden",175.4497,-37.9014,773
"Pukerimu",175.4163,-37.9342,774
"Leamington South",175.4677,-37.9163,775
"Maungatautari",175.5974,-37.99,776
"Leamington East",175.483,-37.9029,777
"Rotoorangi",175.4371,-38.0212,778
"St Leger",175.3327,-38.0368,779
"Lake Ngaroto",175.2427,-37.9301,780
"Puniu",175.5514,-38.2852,781
"Leamington Central",175.4725,-37.9105,782
"Fraser Street",175.3243,-38.0217,783
"Honikiwi",175.14,-38.1254,784
"Maihiihi",175.3534,-38.2599,785
"Hangatiki",175.0694,-38.2836,786
"Te Kuiti West",175.1602,-38.3364,787
"Te Kuiti East",175.175,-38.3342,788
"Te Kawa",175.2594,-38.1203,789
"Putararu Rural",175.7324,-38.0966,790
"Kinleith",175.7967,-38.2913,791
"Tokoroa Central",175.8734,-38.223,792
"Utuhina",176.2321,-38.1425,793
"Rotongata",175.5485,-38.099,794
"Paraonui",175.8515,-38.2118,795
"Matarawa",175.8535,-38.2244,796
"Moananui",175.863,-38.2391,797
"Rotorua Central",176.2542,-38.1357,798
"Tihiotonga-Whakarewarewa",176.2517,-38.1641,799
"Strathmore (South Waikato District)",175.8653,-38.2323,800
"Ngakuru",176.1995,-38.3266,801
"Stanley Park",175.8635,-38.2208,802
"Marotiri",175.7806,-38.5121,803
"Aria",175.0202,-38.5423,804
"Waipa Valley",175.2766,-38.4584,805
"Herangi",174.8036,-38.4517,806
"Strandon",174.0948,-39.0537,807
"Tiroa",175.5242,-38.5337,808
"Ohakuri",176.0948,-38.5214,809
"Lake Taupo Bays",175.7317,-38.8719,810
"Mapara",175.977,-38.6545,811
"Wairakei-Broadlands",176.2622,-38.6844,812
"Taupo Central West",176.073,-38.6848,813
"Tauhara",176.1136,-38.6736,814
"Taupo Central East",176.0813,-38.6845,815
"Mountview",176.0925,-38.6867,816
"Brentwood (Taupo District)",176.0527,-38.6817,817
"Golden Springs",176.3504,-38.439,818
"Turangi",175.8061,-38.9928,819
"Taumarunui Central",175.2644,-38.8879,820
"Acacia Bay",176.0196,-38.7012,821
"Nukuhau-Rangatira Park",176.0742,-38.6736,822
"Bird Area",176.086,-38.6936,823
"Richmond Heights",176.0883,-38.7171,824
"Waipahihi",176.0993,-38.7104,825
"Waitahanui",176.1543,-38.7407,826
"Wharewaka",176.0792,-38.7342,827
"Kaimanawa",175.7416,-39.1858,828
"National Park",175.3719,-39.1163,829
"Athenree",175.9592,-37.4446,830
"Waiau",175.9098,-37.4459,831
"Tahawai",175.8923,-37.519,832
"Aongatete",175.8939,-37.6169,833
"Mount Maunganui Central",176.1945,-37.6642,834
"Tauranga Hospital",176.147,-37.7032,835
"Pahoia",175.9681,-37.703,836
"Omokoroa",176.0343,-37.6431,837
"Omokoroa Rural",176.0147,-37.6556,838
"Te Puna",176.0688,-37.6831,839
"Te Puke West",176.3108,-37.7881,840
"Rangiuru",176.3346,-37.8554,841
"Mount Maunganui North",176.1732,-37.63,842
"Bethlehem North",176.1075,-37.6906,843
"Tauriko",176.0917,-37.756,844
"Greerton South",176.1252,-37.7277,845
"Tauranga South",176.1568,-37.7084,846
"Minden",176.0154,-37.7727,847
"Kopurererua",176.1039,-37.7755,848
"Bellevue",176.1292,-37.6794,849
"Brookfield West",176.1305,-37.6908,850
"Gate Pa",176.1356,-37.7159,851
"Greerton North",176.1376,-37.7299,852
"Pyes Pa South",176.1224,-37.7493,853
"Poike",176.1506,-37.7322,854
"Baypark-Kairua",176.2496,-37.7075,855
"Brookfield East",176.1414,-37.6873,856
"Pyes Pa North",176.128,-37.7412,857
"Waiorohi",176.1478,-37.8771,858
"Te Puke East",176.3256,-37.7899,859
"Omanu Beach",176.2078,-37.6587,860
"Arataki South",176.2258,-37.6725,861
"Maungatapu",176.1789,-37.7183,862
"Hairini",176.1627,-37.7321,863
"Welcome Bay East",176.2093,-37.7203,864
"Welcome Bay South",176.1974,-37.7364,865
"Doncaster",176.2968,-37.7106,866
"Wairakei",176.359,-37.733,867
"Pyes Pa East",176.1424,-37.748,868
"Pongakawa",176.4961,-37.8931,869
"Palm Beach South-Gravatt",176.2764,-37.6983,870
"Papamoa Beach South",176.3111,-37.7076,871
"Otawa",176.2729,-37.8063,872
"Maketu",176.4635,-37.7595,873
"Mangakakahi Central",176.2306,-38.1282,874
"Kaitemako (Western Bay of Plenty District)",176.1994,-37.7825,875
"Palm Beach North",176.2628,-37.6928,876
"Ngapuna",176.2705,-38.1468,877
"Matua South",176.1325,-37.6676,878
"Otumoetai North",176.149,-37.6695,879
"Otumoetai South",176.1444,-37.6769,880
"Judea",176.1435,-37.6952,881
"Mount Maunganui South",176.1976,-37.649,882
"Arataki North",176.2168,-37.671,883
"Pyes Pa West",176.1087,-37.7543,884
"Te Maunga North",176.2338,-37.6747,885
"Matua North",176.1233,-37.6659,886
"Te Reti",176.1308,-37.7037,887
"Motiti",176.3439,-37.719,888
"Yatton Park",176.1464,-37.7218,889
"Te Maunga South",176.243,-37.6843,890
"Welcome Bay West",176.185,-37.7311,891
"Matapihi",176.1972,-37.6982,892
"Papamoa Beach North",176.2954,-37.7028,893
"Kaitemako (Tauranga City)",176.1767,-37.7396,894
"Ngongotaha Valley",176.1574,-38.1435,895
"Ngongotaha East",176.2139,-38.0628,896
"Ngongotaha West",176.2045,-38.0791,897
"Ngongotaha South",176.2134,-38.0996,898
"Kuirau",176.2424,-38.1347,899
"Hillcrest (Rotorua District)",176.2347,-38.1499,900
"Victoria",176.2445,-38.1429,901
"Fenton Park",176.2575,-38.1522,902
"Tui Ridge",176.1293,-38.017,903
"Pomare",176.2217,-38.1544,904
"Springfield South",176.2277,-38.1633,905
"Springfield North",176.2359,-38.1589,906
"Holdens Bay-Rotokawa",176.3251,-38.1148,907
"Kaingaroa-Whakarewarewa",176.457,-38.2576,908
"Glenholme North",176.2461,-38.1474,909
"Selwyn Heights",176.2167,-38.1187,910
"Pleasant Heights",176.2063,-38.1283,911
"Fairy Springs",176.229,-38.1149,912
"Waiohewa",176.3812,-38.1091,913
"Owhata West",176.2912,-38.1298,914
"Lynmore",176.289,-38.1494,915
"Kawaha",176.2369,-38.1088,916
"Pukehangi North",176.2055,-38.1349,917
"Mangakakahi West",176.218,-38.1357,918
"Owhata East",176.2981,-38.1378,919
"Kawerau Industrial",176.7218,-38.0712,920
"Tarawera Park",176.7094,-38.0903,921
"Koutu",176.2382,-38.1215,922
"Pukehangi South",176.2073,-38.1421,923
"Glenholme South",176.2476,-38.1536,924
"Fordlands",176.2232,-38.1434,925
"Sunnybrook",176.2092,-38.1497,926
"Rotoiti-Rotoehu",176.4581,-38.0571,927
"Matata-Otakiri",176.8004,-37.9385,928
"Onepu Spring",176.7499,-38.0413,929
"Edgecumbe",176.8291,-37.9737,930
"Thornton-Awakeri",176.9084,-37.9839,931
"Coastlands",176.9623,-37.9436,932
"Whakatane Central",176.9923,-37.9536,933
"Trident",176.9777,-37.969,934
"Allandale",176.9864,-37.968,935
"Manawahe",176.6696,-37.9495,936
"Whakatane West",176.9656,-37.9634,937
"Te Teko Lakes",176.8026,-38.0571,938
"Wainui",177.0339,-38.0139,939
"Ohope",177.1151,-37.9833,940
"Galatea",176.8316,-38.5948,941
"Waingarara-Waimana",177.0217,-38.2823,942
"Waiotahi",177.2017,-38.0467,943
"Opotiki",177.2868,-38.0131,944
"Otara-Tirohanga",177.348,-38.0285,945
"Murupara",176.7064,-38.4539,946
"Monika Reserve",176.675,-38.0954,947
"Cape Runaway",177.7894,-37.8562,948
"Woodlands",177.2597,-38.0166,949
"Oponae",177.3822,-38.2038,950
"Ruatoria-Raukumara",178.1959,-37.8668,951
"Tokomaru",178.1402,-38.0791,952
"Hangaroa",177.6333,-38.6784,953
"Gisborne Central",178.023,-38.6678,954
"Te Arai",177.897,-38.6583,955
"Hexton",177.9681,-38.6202,956
"Lytton",177.999,-38.6381,957
"Makaraka-Awapuni",177.9726,-38.6579,958
"Riverdale",177.9977,-38.6438,959
"Te Hapara North",178.0005,-38.6502,960
"Elgin",177.9921,-38.6594,961
"Te Hapara East",178.0172,-38.656,962
"Centennial Crescent",178.0094,-38.6628,963
"Whataupoko West",178.029,-38.6584,964
"McLean Park",176.9161,-39.5083,965
"East Cape",178.2531,-37.6846,966
"Wharekaka",178.1568,-38.4323,967
"Mangapapa East",178.0215,-38.6435,968
"Waipaoa",177.7073,-38.3413,969
"Kaiti North",178.0447,-38.6676,970
"Kaiti South",178.0392,-38.6792,971
"Wainui-Okitu",178.0598,-38.6947,972
"Mangapapa North",178.0122,-38.6395,973
"Te Hapara South",178.0043,-38.6566,974
"Whataupoko East",178.032,-38.6499,975
"Tamarau",178.0534,-38.679,976
"Mangapapa South",178.0143,-38.6491,977
"Outer Kaiti",178.0566,-38.6694,978
"Otaki",175.1397,-40.753,979
"Frasertown-Ruakituri",177.35,-38.7957,980
"Wairoa",177.419,-39.0391,981
"Maungataniwha-Raupunga",177.0571,-38.9718,982
"Whakaki",177.5418,-39.0176,983
"Mahia",177.7158,-38.9804,984
"Taradale Central",176.8496,-39.5289,985
"Bluff Hill",176.9154,-39.4808,986
"Puketapu-Eskdale",176.7913,-39.4378,987
"Bridge Pa",176.7628,-39.6331,988
"Omahu Strip",176.7873,-39.6131,989
"Frimley",176.8293,-39.6217,990
"Camberley",176.8258,-39.63,991
"Longlands-Pukahu",176.825,-39.6713,992
"Karamu",176.8838,-39.6282,993
"Hastings Central",176.8464,-39.6396,994
"Havelock Hills",176.8865,-39.6834,995
"Bay View",176.8584,-39.4416,996
"Onekawa West",176.8822,-39.497,997
"Ahuriri",176.8976,-39.4827,998
"Taradale South",176.8299,-39.5432,999
"Napier Central",176.9157,-39.4928,1000
"Tareha Reserve",176.8514,-39.544,1001
"Omahu-Pakowhai",176.8202,-39.5666,1002
"Twyford",176.8187,-39.5996,1003
"St Leonards",176.8332,-39.6347,1004
"Raureka",176.8249,-39.6407,1005
"Mayfair",176.8634,-39.6401,1006
"Havelock North-Central",176.8779,-39.669,1007
"Hereworth",176.8928,-39.6726,1008
"Poukawa",176.7023,-39.76,1009
"Irongate",176.8012,-39.6386,1010
"Tomoana",176.8638,-39.6246,1011
"Karanema-St Hill",176.8863,-39.6645,1012
"Puketitiri-Tutira",176.643,-39.1975,1013
"Iona",176.8764,-39.6772,1014
"Hospital Hill",176.9021,-39.4895,1015
"Greenmeadows South",176.8674,-39.5259,1016
"Bledisloe Park",176.8565,-39.5344,1017
"Maraenui",176.9037,-39.5158,1018
"Meeanee-Awatoto",176.893,-39.5441,1019
"Sherenden-Crownthorpe",176.498,-39.4758,1020
"Maraekakaho",176.297,-39.6263,1021
"Flaxmere Park",176.7871,-39.6237,1022
"Onekawa East",176.8957,-39.5093,1023
"Akina Park",176.8405,-39.6501,1024
"Mahora",176.8489,-39.624,1025
"Lucknow",176.8701,-39.6707,1026
"Mangaonuku",176.4171,-39.8038,1027
"Waipawa",176.5913,-39.9398,1028
"Waipukurau West",176.5405,-39.9974,1029
"Waipukurau East",176.5603,-40.0023,1030
"Lochain Park",176.782,-39.6195,1031
"Flaxmere South",176.7913,-39.631,1032
"Mangateretere",176.9252,-39.6347,1033
"Flaxmere West",176.7732,-39.6162,1034
"Queens Square",176.8538,-39.6445,1035
"Raceway Park",176.8325,-39.6461,1036
"Tomoana Crossing",176.8562,-39.6314,1037
"Parkhaven",176.8483,-39.6546,1038
"Brookvale",176.8952,-39.6597,1039
"Haumoana-Te Awanga",176.9732,-39.6348,1040
"Nelson Park",176.908,-39.4977,1041
"Marewa East",176.9068,-39.5075,1042
"Clive",176.913,-39.5868,1043
"Cornwall Park",176.8424,-39.6308,1044
"Parkvale",176.861,-39.6495,1045
"Kahuranaki",176.9349,-39.7652,1046
"Te Mata Hills",176.9039,-39.6897,1047
"Carterton South",175.5143,-41.0343,1048
"Westshore",176.8812,-39.4746,1049
"Tamatea East",176.8692,-39.516,1050
"Onekawa Central",176.8889,-39.506,1051
"Taradale West",176.8383,-39.5261,1052
"Marewa West",176.896,-39.4992,1053
"Greenmeadows Central",176.8616,-39.5226,1054
"Greenmeadows West",176.8535,-39.5159,1055
"Poraiti Hills",176.8342,-39.5007,1056
"Tamatea North",176.8724,-39.5079,1057
"Poraiti Flat",176.8588,-39.4927,1058
"Tamatea West",176.8634,-39.5129,1059
"Onekawa South",176.8917,-39.5164,1060
"Makaretu",176.3127,-39.9416,1061
"Mangarara",176.7626,-39.99,1062
"Taurekaitai",176.5334,-40.2072,1063
"Dannevirke East",176.1021,-40.2102,1064
"Port Taranaki",174.0294,-39.0608,1065
"Omata",174.0185,-39.0943,1066
"Oakura",173.9507,-39.1169,1067
"Moturoa",174.0483,-39.0627,1068
"Kaitake",173.9422,-39.1932,1069
"Blagdon-Lynmouth",174.0432,-39.0707,1070
"Kawaroa",174.0657,-39.0642,1071
"New Plymouth Central",174.0754,-39.057,1072
"Whalers Gate",174.0371,-39.0858,1073
"Westown",174.0601,-39.0748,1074
"Waiwhakaiho-Bell Block South",174.1643,-39.0364,1075
"Hurdon",174.0506,-39.0953,1076
"Merrilands",174.1021,-39.0645,1077
"Welbourn",174.0931,-39.0857,1078
"Fitzroy-Glen Avon",174.1236,-39.0743,1079
"Waitara West",174.2265,-38.9975,1080
"Upper Vogeltown",174.0833,-39.0902,1081
"Highlands Park (New Plymouth District)",174.1044,-39.0807,1082
"Lepperton-Brixton",174.2187,-39.0348,1083
"Mangorei",174.0602,-39.181,1084
"Tikorangi",174.3431,-39.041,1085
"Inglewood",174.2015,-39.1565,1086
"Spotswood",174.0243,-39.071,1087
"Frankleigh Park",174.0701,-39.0842,1088
"Ferndale",174.058,-39.0898,1089
"Bell Block West",174.1376,-39.03,1090
"Cape Egmont",173.8716,-39.3136,1091
"Lower Vogeltown",174.0782,-39.0721,1092
"Mangaoraka",174.1639,-39.1347,1093
"Stratford Central",174.2891,-39.3376,1094
"Toko",174.3483,-39.3171,1095
"Marfell",174.0471,-39.075,1096
"Bell Block East",174.17,-39.0162,1097
"Waitara East",174.2439,-38.9953,1098
"Everett Park",174.1812,-39.2279,1099
"Eltham",174.299,-39.4311,1100
"Paraite",174.1621,-39.0536,1101
"Manaia-Kapuni",174.1238,-39.5178,1102
"Egmont Showgrounds",174.2631,-39.5762,1103
"Tarata",174.3905,-39.1605,1104
"Ramanui",174.2748,-39.6061,1105
"Douglas",174.6297,-39.2407,1106
"Stratford North",174.2826,-39.328,1107
"Stratford South",174.2852,-39.349,1108
"Opunake",173.8588,-39.4513,1109
"Hawera Central",174.2831,-39.5904,1110
"Pembroke",174.1854,-39.3402,1111
"Kaponga-Mangatoki",174.2298,-39.4345,1112
"King Edward Park",174.2768,-39.5822,1113
"Taungatara",173.9754,-39.4477,1114
"Normanby-Tawhiti",174.3114,-39.5819,1115
"Okaiawa",174.2176,-39.5375,1116
"Turuturu",174.2791,-39.5707,1117
"Te Roti-Moeroa",174.4935,-39.439,1118
"Manutahi-Waitotora",174.5753,-39.7838,1119
"Ohangai",174.449,-39.5384,1120
"Patea",174.4704,-39.7542,1121
"Mowhanau",174.9029,-39.8434,1122
"College Estate",175.0347,-39.9305,1123
"Whanganui Central",175.047,-39.9351,1124
"Mangawhio",174.7456,-39.6107,1125
"Balgownie",175.0088,-39.9486,1126
"Whanganui East-Riverlands",175.0613,-39.9218,1127
"Ngapuke",175.3781,-38.854,1128
"Taumarunui North",175.2447,-38.8625,1129
"Taumarunui East",175.3138,-38.8885,1130
"Otangiwai-Ohura",175.003,-38.867,1131
"Raetihi",175.276,-39.4293,1132
"Ohakune",175.4147,-39.4116,1133
"Kimbolton North",175.5821,-40.2075,1134
"Tangiwai",175.1677,-39.3624,1135
"Waiouru",175.6776,-39.4698,1136
"Taihape",175.7968,-39.6781,1137
"Castlecliff East",174.9927,-39.9365,1138
"Lower Aramoho",175.0531,-39.9045,1139
"Titoki",175.01,-39.9359,1140
"Laird Park",175.0458,-39.9196,1141
"Cornmarket",175.0508,-39.9263,1142
"Kaitoke-Fordell",175.1562,-39.9419,1143
"Gonville South",175.034,-39.9479,1144
"Brunswick-Papaiti",175.0292,-39.8768,1145
"Otamatea (Whanganui District)",175.0219,-39.9058,1146
"Springvale North",175.0168,-39.921,1147
"St Johns Hill West",175.0306,-39.9202,1148
"Springvale West",175.0175,-39.9295,1149
"Gonville North",175.029,-39.9385,1150
"St Johns Hill East",175.0396,-39.9131,1151
"Springvale East",175.0232,-39.9256,1152
"Upper Aramoho",175.0698,-39.896,1153
"Turitea",175.6086,-40.3905,1154
"Whanganui East-Williams Domain",175.0615,-39.9139,1155
"Gonville West",175.0182,-39.9427,1156
"Marton North",175.371,-40.063,1157
"Upper Whanganui",175.1695,-39.7009,1158
"Castlecliff West",174.9772,-39.9297,1159
"Wembley Park",175.064,-39.9076,1160
"Bastia-Durie Hill",175.066,-39.9344,1161
"Palmerston North Central",175.6101,-40.3554,1162
"Putiki",175.05,-39.9506,1163
"Turakina",175.2577,-40.0114,1164
"Otairi",175.5255,-39.8896,1165
"Tremaine",175.5987,-40.3397,1166
"Marton Rural",175.3774,-40.1098,1167
"Bulls",175.3825,-40.1794,1168
"Mokai Patea",175.8944,-39.5957,1169
"Marton South",175.3854,-40.0843,1170
"Ohakea-Sanson",175.3949,-40.2146,1171
"Feilding Central",175.5811,-40.2387,1172
"Parewanui",175.2848,-40.1794,1173
"Esplanade",175.6143,-40.3673,1174
"Linton Camp",175.5872,-40.4051,1175
"Kimbolton South",175.578,-40.2263,1176
"Palmerston North Airport",175.6224,-40.3124,1177
"Palmerston North Hospital",175.6148,-40.3417,1178
"Tokorangi",175.5497,-40.1238,1179
"Pohangina-Apiti",175.9125,-40.072,1180
"Kimbolton West",175.5702,-40.2182,1181
"Kiwitea",175.696,-40.0082,1182
"Awahuri",175.4722,-40.25,1183
"Makino",175.5656,-40.2062,1184
"Warwick",175.559,-40.2228,1185
"Taonui",175.6934,-40.2363,1186
"Milson South",175.6051,-40.3344,1187
"Roslyn (Palmerston North City)",175.629,-40.3355,1188
"Papaioea North",175.6189,-40.3472,1189
"Taikorea",175.3943,-40.3585,1190
"Awapuni South",175.5934,-40.3778,1191
"Foxton North",175.2951,-40.4706,1192
"Foxton South",175.311,-40.4842,1193
"Oroua Downs",175.2907,-40.3283,1194
"Kauwhata",175.476,-40.3767,1195
"Newbury",175.5799,-40.334,1196
"Takaro North",175.5987,-40.3499,1197
"West End",175.6034,-40.368,1198
"Ashhurst",175.7586,-40.2912,1199
"Miranui",175.4811,-40.5355,1200
"Sandon",175.5461,-40.2262,1201
"Poutoa",175.6454,-40.39,1202
"Papaioea South",175.6255,-40.3521,1203
"Whakarongo",175.6911,-40.3108,1204
"Awapuni North",175.5887,-40.3703,1205
"Maraetarata",175.5791,-40.3839,1206
"Milverton",175.6198,-40.3597,1207
"Ruahine",175.6316,-40.3701,1208
"Pihauatua",175.6047,-40.4528,1209
"Highbury East",175.5862,-40.3613,1210
"Terrace End",175.6336,-40.3417,1211
"Hokowhitu East",175.6363,-40.3574,1212
"Milson North",175.6073,-40.3271,1213
"Kelvin Grove North",175.6605,-40.3224,1214
"Hokowhitu Central",175.6259,-40.3617,1215
"Takaro South",175.5936,-40.3569,1216
"Royal Oak (Palmerston North City)",175.6626,-40.3307,1217
"Ruamahanga",175.6419,-40.3492,1218
"Cloverlea (Palmerston North City)",175.5852,-40.3451,1219
"Park West",175.5768,-40.3664,1220
"Westbrook",175.578,-40.3557,1221
"Kelvin Grove West",175.6444,-40.3286,1222
"Aokautere",175.6562,-40.3693,1223
"Aokautere Rural",175.7181,-40.3679,1224
"Thorndon",174.7742,-41.2725,1225
"Pahiatua",175.8372,-40.4547,1226
"Papatawa",175.9959,-40.2208,1227
"Dannevirke West",176.1024,-40.1971,1228
"Norsewood",176.1511,-40.1114,1229
"Mangatainoka",175.8255,-40.3976,1230
"Woodville",175.8664,-40.3367,1231
"Kaitawa",175.9768,-40.4725,1232
"Nireaha-Eketahuna",175.794,-40.6536,1233
"Waitahora",176.2162,-40.3007,1234
"Owhanga",176.3104,-40.5132,1235
"Opaki",175.6596,-40.9022,1236
"Solway North",175.6303,-40.9575,1237
"Masterton Central",175.6617,-40.9505,1238
"Kuripuni",175.6433,-40.9517,1239
"Douglas Park",175.6525,-40.9463,1240
"Lansdowne East",175.6812,-40.9414,1241
"Foxton Beach",175.2308,-40.464,1242
"Waitarere",175.2571,-40.5738,1243
"Ohau-Manakau",175.2075,-40.6989,1244
"Levin Central",175.2848,-40.6233,1245
"Tararua",175.3093,-40.6421,1246
"Kere Kere",175.3164,-40.5271,1247
"Waiopehu",175.299,-40.6322,1248
"Donnelly Park",175.2704,-40.6142,1249
"Waikawa (Horowhenua District)",175.1885,-40.6535,1250
"Kawiu South",175.2839,-40.6151,1251
"Makomako",175.2746,-40.624,1252
"Kawiu North",175.3005,-40.6137,1253
"Shannon",175.4133,-40.5499,1254
"Taitoko",175.2892,-40.6365,1255
"Makahika",175.4015,-40.6517,1256
"Wellington Central",174.7757,-41.2849,1257
"Porirua Central",174.8258,-41.1458,1258
"Playford Park",175.2904,-40.6289,1259
"Paraparaumu Central",174.9989,-40.908,1260
"Fairfield (Horowhenua District)",175.3094,-40.6214,1261
"Waikanae West",175.0664,-40.866,1262
"Raumati Beach West",174.9822,-40.9158,1263
"Pipitea-Kaiwharawhara",174.7877,-41.2762,1264
"Queenwood (Horowhenua District)",175.2966,-40.6207,1265
"Waitohu",175.1673,-40.7598,1266
"Forest Lakes (Kapiti Coast District)",175.1696,-40.7437,1267
"Te Horo",175.1059,-40.7971,1268
"Paraparaumu Beach West",174.9847,-40.892,1269
"Otaki Forks",175.1869,-40.8238,1270
"Waikanae East",175.0788,-40.867,1271
"Dixon Street",174.7747,-41.291,1272
"Otaki Beach",175.116,-40.7554,1273
"Waikanae Park",175.0492,-40.8625,1274
"Paraparaumu Beach East",174.9934,-40.8948,1275
"Paraparaumu North",175.0114,-40.8946,1276
"Paraparaumu East",175.0119,-40.9193,1277
"Raumati South",174.9833,-40.9413,1278
"Wellington University",174.7676,-41.2891,1279
"Petone Central",174.8697,-41.2236,1280
"Courtenay",174.7828,-41.2921,1281
"Paraparaumu Beach North",174.9988,-40.8811,1282
"Raumati Beach East",174.9927,-40.9219,1283
"Plimmerton",174.8604,-41.0677,1284
"Hutt Central North",174.9066,-41.2087,1285
"Gracefield",174.9108,-41.2402,1286
"Vivian East",174.7801,-41.2969,1287
"Waikanae Beach",175.0271,-40.8646,1288
"Maungakotukutuku",175.0476,-40.9369,1289
"Paremata",174.8671,-41.0989,1290
"Papakowhai",174.8635,-41.1159,1291
"Alicetown-Melling",174.8937,-41.214,1292
"Petone East",174.8906,-41.2248,1293
"Tawa Central",174.8272,-41.174,1294
"Grenada North",174.839,-41.1773,1295
"Johnsonville Central",174.8074,-41.2237,1296
"Newlands South",174.8212,-41.2345,1297
"Vivian West",174.7728,-41.2947,1298
"Newtown North",174.7832,-41.309,1299
"Rongotai",174.8097,-41.3308,1300
"Paekakariki",174.969,-40.9719,1301
"Whitby",174.8911,-41.1172,1302
"Trentham South",175.0408,-41.1489,1303
"Mount Cook East",174.7775,-41.3025,1304
"Miramar South",174.8142,-41.3207,1305
"Tirohanga",174.9058,-41.1983,1306
"Aotea",174.8572,-41.1283,1307
"Cannons Creek East",174.8714,-41.1372,1308
"Pauatahanui",174.9467,-41.0949,1309
"Titahi Bay South",174.827,-41.1134,1310
"Linden",174.8338,-41.1567,1311
"Mount Victoria",174.7876,-41.2988,1312
"Elsdon-Takapuwahia",174.8095,-41.132,1313
"Cannons Creek North",174.8626,-41.1397,1314
"Waitangirua",174.88,-41.1298,1315
"Titahi Bay North",174.8439,-41.0987,1316
"Endeavour",174.9042,-41.1146,1317
"Tawa South",174.8169,-41.1815,1318
"Newtown West",174.7761,-41.3129,1319
"Kilbirnie Central",174.7927,-41.3169,1320
"Ascot Park",174.8734,-41.12,1321
"Porirua East",174.8557,-41.1431,1322
"Kilbirnie East",174.8014,-41.321,1323
"Hutt Central South",174.9094,-41.2135,1324
"Postgate",174.8824,-41.1133,1325
"Ranui Heights",174.8501,-41.1516,1326
"Upper Hutt Central",175.0763,-41.1271,1327
"Onepoto",174.8528,-41.104,1328
"Petone Esplanade",174.8873,-41.2297,1329
"Epuni West",174.9273,-41.2057,1330
"Cannons Creek South",174.8714,-41.15,1331
"Paekakariki Hill",174.909,-41.0568,1332
"Heretaunga",175.0191,-41.1388,1333
"Boulcott",174.9244,-41.1994,1334
"Johnsonville South",174.8021,-41.231,1335
"Paparangi",174.8198,-41.2167,1336
"Poets Block",175.046,-41.1229,1337
"Brentwood (Upper Hutt City)",175.0368,-41.1289,1338
"Trentham North",175.0456,-41.1328,1339
"Te Marua",175.1434,-41.0887,1340
"Silverstream (Upper Hutt City)",175.0098,-41.1523,1341
"Elderslea",175.0579,-41.1202,1342
"Totara Park",175.0844,-41.1093,1343
"Ebdentown",175.0724,-41.1188,1344
"Wallaceville",175.0609,-41.1289,1345
"Clouston Park",175.0871,-41.1174,1346
"Belmont Park",174.9155,-41.1693,1347
"Taita South",174.9592,-41.1849,1348
"Naenae Central",174.9496,-41.1997,1349
"Mangaroa",175.1179,-41.1567,1350
"Pinehaven",175.0177,-41.1684,1351
"Avalon West",174.9411,-41.1909,1352
"Stokes Valley North",174.9931,-41.1669,1353
"Eastern Bays",174.9093,-41.2808,1354
"Maoribank",175.1088,-41.1063,1355
"Stokes Valley Central",174.9774,-41.1689,1356
"Waiwhetu",174.9174,-41.2255,1357
"Waterloo East",174.9292,-41.2179,1358
"Naenae North",174.9625,-41.1974,1359
"Moera",174.9036,-41.2279,1360
"Birchville-Brown Owl",175.1132,-41.086,1361
"Taita North",174.9646,-41.1713,1362
"Normandale",174.8932,-41.2035,1363
"Kelson",174.9429,-41.1727,1364
"Avalon East",174.9446,-41.1958,1365
"Waterloo West",174.9206,-41.215,1366
"Maungaraki",174.8799,-41.2084,1367
"Belmont (Lower Hutt City)",174.9212,-41.1901,1368
"Epuni East",174.9348,-41.2089,1369
"Korokoro",174.8678,-41.2156,1370
"Eastbourne",174.8943,-41.3003,1371
"Strathmore (Wellington City)",174.8205,-41.3316,1372
"Wainuiomata Central",174.9407,-41.2614,1373
"Manor Park",174.9799,-41.1558,1374
"Delaney",174.9792,-41.1865,1375
"Manuka",174.987,-41.185,1376
"Homedale East",174.9584,-41.2691,1377
"Wainuiomata West",174.9329,-41.251,1378
"Glendale",174.9547,-41.243,1379
"Homedale West",174.9498,-41.2741,1380
"Arakura",174.9448,-41.2387,1381
"Johnsonville North",174.803,-41.2176,1382
"Karori Park",174.7257,-41.2826,1383
"Karori North",174.7444,-41.2776,1384
"Karori East",174.7474,-41.287,1385
"Berhampore",174.7738,-41.3233,1386
"Newtown South",174.7844,-41.3205,1387
"Tawa North",174.8211,-41.1643,1388
"Churton Park North",174.8137,-41.1977,1389
"Newlands North",174.8205,-41.2241,1390
"Churton Park South",174.807,-41.2109,1391
"Johnsonville West",174.7938,-41.2231,1392
"Khandallah North",174.7977,-41.2429,1393
"Khandallah South",174.7886,-41.2526,1394
"Grenada Village",174.8254,-41.2047,1395
"Crofton Downs",174.7618,-41.2575,1396
"Khandallah Reserve",174.7855,-41.2435,1397
"Ngaio South",174.776,-41.2532,1398
"Wellington Botanic Gardens",174.7687,-41.2825,1399
"Oriental Bay",174.7929,-41.2919,1400
"Takapu-Horokiwi",174.8592,-41.1855,1401
"Mount Cook West",174.7718,-41.3033,1402
"Wilton",174.7607,-41.2684,1403
"Kelburn",174.7605,-41.288,1404
"Wadestown",174.7757,-41.2622,1405
"Northland (Wellington City)",174.7602,-41.2791,1406
"Makara-Ohariu",174.7153,-41.2593,1407
"Karori South",174.7333,-41.289,1408
"Miramar North",174.8233,-41.306,1409
"Aro Valley",174.7599,-41.2957,1410
"Onslow",174.8028,-41.2495,1411
"Hataitai North",174.7963,-41.3016,1412
"Island Bay West",174.769,-41.341,1413
"Brooklyn East",174.7659,-41.3079,1414
"Island Bay East",174.7759,-41.3367,1415
"Kingston-Mornington-Vogeltown",174.7658,-41.3195,1416
"Miramar Central",174.8176,-41.3129,1417
"Brooklyn South",174.7565,-41.3169,1418
"Evans Bay",174.7967,-41.3116,1419
"Roseneath",174.8008,-41.2923,1420
"Lyall Bay",174.7942,-41.3271,1421
"Hataitai South",174.7924,-41.3091,1422
"Owhiro Bay",174.7612,-41.3379,1423
"Miramar East",174.8219,-41.3189,1424
"Seatoun",174.8334,-41.3257,1425
"Houghton Bay",174.7874,-41.3378,1426
"Karaka Bay-Worser Bay",174.8258,-41.3176,1427
"Solway South",175.634,-40.9691,1428
"Whareama",175.9899,-40.919,1429
"Homebush-Te Ore Ore",175.7123,-40.9815,1430
"Kokotau",175.5815,-41.0381,1431
"Lansdowne West",175.6652,-40.9365,1432
"McJorrow Park",175.6675,-40.9602,1433
"Mount Holdsworth",175.4514,-40.9171,1434
"Upper Plain",175.5794,-40.8951,1435
"Cameron and Soldiers Park",175.6614,-40.9571,1436
"Ngaumutawa",175.6362,-40.9412,1437
"Carterton North",175.5268,-41.0194,1438
"Greytown",175.4543,-41.0824,1439
"Featherston",175.3243,-41.1161,1440
"Gladstone (Carterton District)",175.8645,-41.2181,1441
"Martinborough",175.4586,-41.2198,1442
"Tauherenikau",175.3691,-41.0639,1443
"Aorangi Forest",175.4579,-41.3749,1444
"Kahutara",175.0805,-41.3327,1445
"Takaka",172.8188,-40.8606,1446
"Pohara-Abel Tasman",172.9232,-40.8975,1447
"Golden Bay/Mohua",172.572,-40.8694,1448
"Richmond Central (Tasman District)",173.1894,-41.3375,1449
"Kaiteriteri-Riwaka",173.0047,-41.0845,1450
"Upper Moutere",172.8515,-41.2494,1451
"Lower Moutere",172.9805,-41.1604,1452
"Motueka North",173.0132,-41.1059,1453
"Motueka West",172.9956,-41.1254,1454
"Motueka East",173.0192,-41.12,1455
"Nelson Airport",173.2298,-41.2957,1456
"Nelson Central-Trafalgar",173.2821,-41.2727,1457
"Takaka Hills",172.9241,-41.0505,1458
"Moutere Hills",173.0336,-41.2641,1459
"Golden Downs",172.7883,-41.5089,1460
"Ruby Bay-Mapua",173.0805,-41.2416,1461
"Waimea West",173.0812,-41.3298,1462
"Appleby",173.1374,-41.3342,1463
"Richmond West (Tasman District)",173.1695,-41.3302,1464
"Brightwater",173.0999,-41.3768,1465
"Templemore",173.2042,-41.3415,1466
"Rutherford",173.2823,-41.2807,1467
"Saxton",173.2216,-41.3337,1468
"Daelyn",173.2126,-41.3382,1469
"Port Nelson",173.278,-41.2615,1470
"Wakefield",173.0442,-41.4106,1471
"Murchison-Nelson Lakes",172.465,-41.8846,1472
"Wakefield Rural",173.1216,-41.4967,1473
"Hope",173.1431,-41.3669,1474
"Easby Park",173.1984,-41.3467,1475
"Richmond South (Tasman District)",173.1716,-41.3569,1476
"Tahunanui",173.2411,-41.2845,1477
"The Wood",173.2924,-41.2671,1478
"Nayland",173.2365,-41.3043,1479
"Victory",173.2699,-41.2858,1480
"Grampians",173.2735,-41.2966,1481
"Omaio",173.2444,-41.3246,1482
"Ben Cooper Park",173.1759,-41.3451,1483
"Broadgreen-Monaco",173.2269,-41.3073,1484
"Suffolk",173.2209,-41.3249,1485
"Lower Waitaki",171.0204,-45.0024,1486
"Tahuna Hills",173.2533,-41.2911,1487
"Wilkes Park",173.1867,-41.3475,1488
"Marybank",173.3222,-41.2289,1489
"Atawhai",173.3198,-41.2479,1490
"The Brook",173.2914,-41.3006,1491
"Nelson Rural",173.4127,-41.2384,1492
"Britannia",173.2703,-41.2685,1493
"Maitai",173.2983,-41.2767,1494
"Enner Glynn",173.2644,-41.315,1495
"Aldinga",173.2216,-41.3139,1496
"Washington",173.2665,-41.2752,1497
"Marlborough Sounds Coastal Marine",174.0283,-41.2505,1498
"Upper Wairau",173.3041,-41.7179,1499
"Waikawa (Marlborough District)",174.0337,-41.269,1500
"Waitohi (Marlborough District)",173.9996,-41.2944,1501
"Renwick",173.8259,-41.5081,1502
"Lower Wairau",174.006,-41.4855,1503
"Woodbourne",173.9036,-41.5308,1504
"Springlands",173.9362,-41.5042,1505
"Yelverton",173.9343,-41.5142,1506
"Whitney West",173.9421,-41.522,1507
"Blenheim Central",173.9625,-41.5152,1508
"Whitney East",173.9589,-41.5206,1509
"Witherlea West",173.9454,-41.5401,1510
"Riverlands",173.9791,-41.5267,1511
"Marlborough Sounds West",173.6264,-41.2562,1512
"Tuamarina",173.9111,-41.4185,1513
"Awatere",173.2945,-42.0961,1514
"Riversdale-Islington",173.9671,-41.5065,1515
"Spring Creek-Grovetown",173.9641,-41.475,1516
"Mayfield",173.9522,-41.5025,1517
"Redwoodtown East",173.9598,-41.528,1518
"Witherlea East",173.9586,-41.5382,1519
"Redwoodtown West",173.9486,-41.53,1520
"Merivale",172.6191,-43.5164,1521
"Kaikoura",173.6767,-42.4127,1522
"Kaikoura Ranges",173.6441,-42.1971,1523
"Westport North",171.609,-41.7441,1524
"Buller Coalfields",171.8668,-41.7282,1525
"Westport Rural",171.6468,-41.7817,1526
"Westport South",171.6095,-41.7607,1527
"Charleston (Buller District)",171.5844,-41.9226,1528
"Reefton",171.8601,-42.1151,1529
"Greymouth Central",171.1992,-42.457,1530
"Nelson Creek",171.6881,-42.4315,1531
"Inangahua",171.9957,-42.172,1532
"King Park",171.2106,-42.4566,1533
"Karoro",171.196,-42.4826,1534
"Rutherglen-Camerons",171.1648,-42.5259,1535
"Greymouth Rural",171.2865,-42.5565,1536
"Dobson",171.4101,-42.4884,1537
"Hokitika",170.9719,-42.7187,1538
"Blaketown",171.1976,-42.4474,1539
"Runanga",171.251,-42.3968,1540
"Marsden",171.2048,-42.4697,1541
"Cobden",171.2085,-42.4363,1542
"Lake Brunner",171.6947,-42.6615,1543
"Arahura-Kumara",171.1382,-42.679,1544
"Hokitika Rural",170.9608,-42.7869,1545
"Hokitika Valley-Otira",171.3044,-42.8781,1546
"Waitaha",170.782,-43.0906,1547
"Whataroa-Harihari",170.4391,-43.2584,1548
"Westland Glaciers-Bruce Bay",169.8426,-43.6133,1549
"Amuri",172.9587,-42.6445,1550
"Hanmer Springs",172.823,-42.523,1551
"Hanmer Range",172.4976,-42.5332,1552
"Upper Hurunui",172.5473,-42.9339,1553
"Omihi",172.9468,-42.9856,1554
"Amberley",172.7312,-43.1551,1555
"Deans Bush",172.5945,-43.5247,1556
"Mona Vale",172.6067,-43.5264,1557
"Balcairn",172.7841,-43.1316,1558
"Ashley-Sefton",172.6536,-43.2455,1559
"Rangiora North East",172.6009,-43.2974,1560
"Southbrook",172.5977,-43.3272,1561
"Christchurch Airport",172.5438,-43.4822,1562
"Christchurch Central-South",172.6424,-43.5382,1563
"Parnassus",173.2227,-42.7949,1564
"Ashley Forest",172.564,-43.1246,1565
"Strowan",172.6087,-43.5076,1566
"Rangiora Central",172.5957,-43.3028,1567
"Woodend",172.6659,-43.3218,1568
"Kaiapoi North West",172.6577,-43.3705,1569
"Kaiapoi Central",172.6545,-43.3865,1570
"Kaiapoi East",172.651,-43.4047,1571
"Russley",172.5585,-43.4934,1572
"Hornby Central",172.5357,-43.5392,1573
"Ilam University",172.5783,-43.5234,1574
"Sockburn South",172.5635,-43.5449,1575
"Middleton",172.5833,-43.5421,1576
"Travis Wetlands",172.6887,-43.4856,1577
"Hagley Park",172.6198,-43.5305,1578
"Tower Junction",172.6079,-43.5388,1579
"Christchurch Central",172.636,-43.5324,1580
"Lancaster Park",172.6535,-43.5414,1581
"Pegasus",172.6965,-43.3114,1582
"Islington-Hornby Industrial",172.5083,-43.5526,1583
"Sydenham Central",172.6377,-43.5436,1584
"Oxford",172.1831,-43.2987,1585
"Loburn",172.5168,-43.2307,1586
"Starvation Hill-Cust",172.3628,-43.2926,1587
"Eyrewell",172.2881,-43.3985,1588
"West Eyreton",172.4347,-43.3561,1589
"Christchurch Central-West",172.6307,-43.5278,1590
"Torlesse",171.9032,-43.3457,1591
"Darfield",172.0999,-43.498,1592
"Ashley Gorge",172.0737,-43.2841,1593
"Addington North",172.6177,-43.5412,1594
"Fernside",172.5645,-43.324,1595
"Kingsbury",172.5865,-43.2931,1596
"Lilybrook",172.5937,-43.3109,1597
"Rangiora South East",172.6103,-43.3089,1598
"Swannanoa-Eyreton",172.5106,-43.4151,1599
"Woolston South",172.6842,-43.5612,1600
"Okuku",172.2423,-43.1276,1601
"Rangiora North West",172.5694,-43.2975,1602
"Rangiora South West",172.5855,-43.3119,1603
"Waikuku",172.6644,-43.2927,1604
"Mandeville-Ohoka",172.5445,-43.3669,1605
"Belfast East",172.6376,-43.4484,1606
"Riccarton Central",172.5991,-43.5306,1607
"Bromley North",172.7063,-43.5348,1608
"Northlands (Christchurch City)",172.6069,-43.4921,1609
"Ashgrove",172.5814,-43.3016,1610
"Paparua",172.4623,-43.5273,1611
"Redwood East",172.6229,-43.4797,1612
"Tuahiwi",172.636,-43.3358,1613
"Styx",172.681,-43.4383,1614
"Rutland",172.6227,-43.5065,1615
"Christchurch Central-North",172.6403,-43.5233,1616
"Kaiapoi South",172.6466,-43.3918,1617
"Richmond North (Christchurch City)",172.6586,-43.513,1618
"Clarkville",172.6079,-43.3955,1619
"Sovereign Palms",172.6684,-43.3671,1620
"Hawthornden",172.5503,-43.5044,1621
"Burnside",172.5759,-43.5031,1622
"Ilam North",172.5691,-43.5133,1623
"Northcote (Christchurch City)",172.6187,-43.4899,1624
"Jellie Park",172.5836,-43.5133,1625
"Papanui East",172.6151,-43.498,1626
"Bush Inn",172.5764,-43.5294,1627
"New Brighton",172.7295,-43.5137,1628
"Marshland",172.645,-43.4698,1629
"Wharenui",172.5805,-43.535,1630
"St Albans East",172.6376,-43.5171,1631
"McLeans Island",172.5048,-43.4639,1632
"Northwood",172.6142,-43.4587,1633
"Avonside",172.6706,-43.5234,1634
"Brookhaven-Ferrymead",172.7002,-43.5601,1635
"Kaiapoi West",172.6443,-43.3822,1636
"Templeton",172.4696,-43.5526,1637
"Casebrook",172.5986,-43.4793,1638
"Hei Hei",172.5226,-43.5339,1639
"Avonhead South",172.552,-43.5222,1640
"Sockburn North",172.5574,-43.5325,1641
"Upper Riccarton",172.569,-43.5351,1642
"Harewood",172.5726,-43.4776,1643
"Bishopdale North",172.5877,-43.4836,1644
"Malvern",172.6305,-43.5022,1645
"Bishopdale West",172.579,-43.4893,1646
"Linwood East",172.6829,-43.5296,1647
"Wainoni",172.6898,-43.5185,1648
"Belfast West",172.6231,-43.4457,1649
"Papanui North",172.597,-43.4893,1650
"Shirley East",172.6673,-43.4984,1651
"Christchurch Central-East",172.6455,-43.5288,1652
"Redwood North",172.6247,-43.4692,1653
"Prestons",172.6678,-43.4771,1654
"Avonhead East",172.5587,-43.5156,1655
"Redwood West",172.6133,-43.4785,1656
"Bryndwr North",172.5897,-43.5019,1657
"Hillmorton",172.5838,-43.5531,1658
"Newtons Road",172.3194,-43.5694,1659
"Yaldhurst",172.5144,-43.5168,1660
"Islington",172.5082,-43.5336,1661
"Burnside Park",172.5628,-43.5017,1662
"Bishopdale South",172.5861,-43.4942,1663
"Papanui West",172.6001,-43.4968,1664
"Bryndwr South",172.5964,-43.5067,1665
"Mairehau South",172.6454,-43.5021,1666
"St Albans North",172.6373,-43.51,1667
"Richmond South (Christchurch City)",172.6563,-43.5213,1668
"Spreydon North",172.6201,-43.5516,1669
"Linwood West",172.659,-43.5298,1670
"Sydenham West",172.6332,-43.5509,1671
"Rolleston Izone",172.371,-43.584,1672
"Clearwater",172.5983,-43.4544,1673
"Riccarton West",172.5914,-43.5341,1674
"Shirley West",172.657,-43.4995,1675
"Rawhiti",172.717,-43.5024,1676
"Lyttelton",172.7065,-43.607,1677
"Awatea South",172.5436,-43.5606,1678
"Hornby South",172.5331,-43.5483,1679
"West Melton",172.3652,-43.5257,1680
"Lincoln West",172.4779,-43.6435,1681
"Hornby West",172.5156,-43.5446,1682
"St Albans West",172.6287,-43.5153,1683
"Somerfield West",172.6192,-43.5659,1684
"Sydenham South",172.6413,-43.5548,1685
"Cashmere West",172.6227,-43.574,1686
"Fendalton",172.5967,-43.5158,1687
"Ilam South",172.5626,-43.5244,1688
"Aidanfield",172.5673,-43.5645,1689
"Ensors",172.6683,-43.548,1690
"Addington West",172.6136,-43.545,1691
"St Martins",172.654,-43.5572,1692
"Trents",172.4649,-43.5954,1693
"Hoon Hay West",172.5904,-43.5606,1694
"Halswell South",172.5653,-43.5895,1695
"Burnham Camp",172.303,-43.6151,1696
"Mairehau North",172.6382,-43.4929,1697
"Linwood North",172.6722,-43.528,1698
"Riccarton South",172.602,-43.5344,1699
"Charleston (Christchurch City)",172.6598,-43.5432,1700
"Oaklands East",172.5619,-43.5761,1701
"Riccarton Racecourse",172.5429,-43.529,1702
"Awatea North",172.5385,-43.5527,1703
"Wigram North",172.5528,-43.5487,1704
"Wigram West",172.5483,-43.5535,1705
"Oaklands West",172.5495,-43.5694,1706
"Halswell West",172.5405,-43.5796,1707
"Bankside",172.0374,-43.6586,1708
"Waitikiri",172.6745,-43.4677,1709
"Queenspark",172.6972,-43.4754,1710
"Parklands",172.7081,-43.4806,1711
"Edgeware",172.6471,-43.5144,1712
"North Beach",172.7148,-43.4911,1713
"Avondale (Christchurch City)",172.693,-43.5077,1714
"Dallington",172.6716,-43.5113,1715
"Aranui",172.7053,-43.5106,1716
"Holmwood",172.6084,-43.5193,1717
"Woolston North",172.6752,-43.5409,1718
"Sumner",172.7636,-43.5749,1719
"Phillipstown",172.6637,-43.5369,1720
"South New Brighton",172.7392,-43.5313,1721
"Burwood",172.6849,-43.4956,1722
"Halswell North",172.578,-43.5739,1723
"Hoon Hay East",172.6001,-43.5648,1724
"Riccarton East",172.6107,-43.5325,1725
"Prebbleton",172.5078,-43.5787,1726
"Woolston East",172.6869,-43.5487,1727
"Spreydon South",172.6133,-43.5582,1728
"Sydenham North",172.6436,-43.5505,1729
"Beckenham",172.6428,-43.5634,1730
"Somerfield East",172.6295,-43.5592,1731
"Hoon Hay South",172.6116,-43.5719,1732
"Cashmere East",172.6406,-43.578,1733
"Spreydon West",172.6046,-43.553,1734
"Opawa",172.662,-43.5561,1735
"Bromley South",172.6837,-43.5367,1736
"Addington East",172.6231,-43.5451,1737
"Waltham",172.6533,-43.5506,1738
"Heathcote Valley",172.7124,-43.5776,1739
"Bexley",172.7053,-43.5199,1740
"Westmorland",172.6095,-43.5848,1741
"Redcliffs",172.7318,-43.5657,1742
"Huntsbury",172.6509,-43.569,1743
"Mount Pleasant",172.7189,-43.5643,1744
"Otakaro-Avon River Corridor",172.6944,-43.4989,1745
"Clifton Hill",172.7478,-43.5719,1746
"Diamond Harbour",172.7351,-43.6307,1747
"Teddington",172.713,-43.6715,1748
"Akaroa Harbour",172.9532,-43.8418,1749
"Akaroa",172.9685,-43.8071,1750
"Tai Tapu",172.5845,-43.6662,1751
"Eastern Bays-Banks Peninsula",172.9313,-43.6758,1752
"Glenroy-Hororata",171.7871,-43.4829,1753
"Craigieburn",171.6728,-43.0689,1754
"Glentunnel",172.0136,-43.4732,1755
"Kirwee",172.1997,-43.4748,1756
"Rolleston North East",172.396,-43.5906,1757
"Ashburton Central",171.7354,-43.9025,1758
"Charing Cross",172.1509,-43.5646,1759
"Halkett",172.3503,-43.4924,1760
"Rolleston Central",172.3757,-43.6005,1761
"Rolleston South East",172.4018,-43.6106,1762
"Leeston",172.2966,-43.7602,1763
"Springston",172.3756,-43.6556,1764
"Southbridge",172.2102,-43.7925,1765
"Rakaia",172.009,-43.747,1766
"Rolleston South West",172.3746,-43.6149,1767
"Ladbrooks",172.5248,-43.6394,1768
"Irwell",172.3382,-43.726,1769
"Lincoln East",172.4937,-43.6385,1770
"Rolleston North West",172.3634,-43.6009,1771
"Ashburton Forks",171.4318,-43.7849,1772
"Methven",171.6427,-43.633,1773
"Winchmore-Wakanui",171.8283,-43.9632,1774
"Ashburton North",171.7895,-43.8918,1775
"Allenton East",171.7576,-43.8912,1776
"Cairnbrae",171.7736,-43.6646,1777
"Ealing-Lowcliffe",171.4974,-44.0366,1778
"Eiffelton",171.665,-43.959,1779
"Chertsey",171.9665,-43.8251,1780
"Allenton South",171.7323,-43.8905,1781
"Ashburton West",171.7443,-43.8985,1782
"Tinwald South",171.7182,-43.9248,1783
"Netherby",171.7658,-43.9003,1784
"Geraldine",171.2385,-44.0941,1785
"Highfield North",171.2232,-44.3862,1786
"Fraser Park",171.2305,-44.396,1787
"Ashburton Lakes",171.1295,-43.4494,1788
"Ashburton East",171.758,-43.9029,1789
"Allenton North",171.7451,-43.8821,1790
"Hampstead",171.7565,-43.9116,1791
"Waitohi (Timaru District)",171.3783,-44.1854,1792
"Timaru Central",171.2514,-44.3984,1793
"Tinwald North",171.7237,-43.9126,1794
"Rangitata",171.3258,-44.1104,1795
"Temuka West",171.2766,-44.237,1796
"Washdyke",171.2478,-44.3533,1797
"Timaru East",171.2609,-44.4142,1798
"Pleasant Point",171.136,-44.2566,1799
"Levels",171.2553,-44.2943,1800
"Fairview",171.1753,-44.4402,1801
"Marchwiel West",171.2246,-44.3796,1802
"Waimataitai-Maori Hill",171.242,-44.3837,1803
"Watlington",171.232,-44.4062,1804
"Parkside",171.2463,-44.4047,1805
"Opua (Mackenzie District)",171.0686,-43.8562,1806
"Fairlie",170.8254,-44.097,1807
"Arundel",171.058,-44.0604,1808
"Temuka East",171.2978,-44.2473,1809
"Levels Valley",171.0145,-44.2719,1810
"Gleniti South",171.1964,-44.3837,1811
"Seaview",171.2417,-44.3955,1812
"Glenwood",171.2085,-44.3874,1813
"Marchwiel East",171.2353,-44.377,1814
"Highfield South",171.2178,-44.3935,1815
"Kensington (Timaru District)",171.2473,-44.4117,1816
"Gleniti North",171.1854,-44.3731,1817
"Twizel",170.0938,-44.2686,1818
"Mackenzie Lakes",170.3058,-43.933,1819
"Aviemore",169.9506,-44.4747,1820
"Makikihi-Willowbridge",171.0511,-44.6881,1821
"Morven-Glenavy-Ikawai",171.001,-44.8537,1822
"Waimate West",171.0383,-44.7324,1823
"Waimate East",171.0473,-44.7377,1824
"Danseys Pass",170.5021,-44.8943,1825
"Lyalldale",171.1096,-44.4902,1826
"Maungati",170.9398,-44.4996,1827
"Waimate North",171.0478,-44.722,1828
"Oamaru North Milner Park",171,-45.064,1829
"Glen Warren",170.9673,-45.0909,1830
"Oamaru Central",170.9718,-45.1007,1831
"Hakataramea",170.5931,-44.595,1832
"Ngapara",170.6974,-45.0621,1833
"Maheno",170.7053,-45.2773,1834
"Weston",170.9307,-45.0891,1835
"Oamaru North Orana Park",170.9777,-45.0806,1836
"Oamaru Gardens",170.9454,-45.0982,1837
"South Hill",170.9614,-45.1058,1838
"Palmerston",170.7095,-45.4815,1839
"Waikouaiti",170.6673,-45.6031,1840
"Dunedin Central",170.5029,-45.8771,1841
"Waihemo",170.5516,-45.3924,1842
"Holmes Hill",170.9473,-45.1068,1843
"Bucklands Crossing",170.5325,-45.6249,1844
"Cromwell West",169.1705,-45.0641,1845
"Cromwell East",169.2062,-45.0375,1846
"Earnscleugh",169.2509,-45.2811,1847
"Clyde",169.3245,-45.1925,1848
"Alexandra North",169.3898,-45.2436,1849
"Alexandra South",169.3758,-45.2521,1850
"Outer Wakatipu",168.7154,-44.8371,1851
"Wanaka North",169.1523,-44.68,1852
"Wanaka Central",169.1499,-44.7052,1853
"Upper Clutha Valley",169.2943,-44.6873,1854
"Warren Park",168.6617,-45.0226,1855
"Queenstown Central",168.6546,-45.0327,1856
"Frankton",168.7459,-45.0183,1857
"Lindis-Nevis Valleys",169.2809,-44.9431,1858
"Wakatipu Basin",168.7838,-44.9714,1859
"Dunstan-Galloway",169.4394,-45.1991,1860
"Maniototo",170.0209,-45.2528,1861
"Manuherikia-Ida Valleys",169.7256,-45.0524,1862
"Teviot Valley",169.4267,-45.5823,1863
"Maori Hill",170.5006,-45.8578,1864
"Arthur Street",170.4927,-45.8757,1865
"Wanaka Waterfront",169.1308,-44.674,1866
"Glenorchy",168.3559,-44.7273,1867
"Arrowtown",168.8384,-44.9457,1868
"Wanaka West",169.1153,-44.7034,1869
"Cardrona",169.0497,-44.7826,1870
"Albert Town",169.182,-44.6837,1871
"Lake Hawea",169.2668,-44.6139,1872
"Outer Wanaka",169.4095,-44.4763,1873
"Mossburn",168.3747,-45.5465,1874
"Queenstown East",168.6725,-45.0329,1875
"Frankton Arm",168.6894,-45.027,1876
"Arthurs Point",168.6733,-44.9892,1877
"Shotover Country",168.7757,-45.0068,1878
"Sunshine Bay-Fernhill",168.6311,-45.0413,1879
"Lake Hayes",168.8148,-44.9796,1880
"Kelvin Heights",168.7233,-45.0391,1881
"Lake Hayes Estate",168.7937,-45.0023,1882
"Quail Rise",168.7488,-44.9948,1883
"Jacks Point",168.7372,-45.0718,1884
"Seddon Park",170.3564,-45.8767,1885
"Hillside-Portsmouth Drive",170.5043,-45.8923,1886
"Mount Cargill",170.5697,-45.7837,1887
"Kaikorai-Bradford",170.4488,-45.8963,1888
"Roslyn (Dunedin City)",170.4918,-45.8671,1889
"North East Valley Knox",170.5224,-45.8524,1890
"Gardens (Dunedin City)",170.5192,-45.8588,1891
"Green Island",170.4374,-45.9071,1892
"Port Chalmers",170.618,-45.8122,1893
"Royal Terrace",170.5047,-45.8667,1894
"Campus North",170.5195,-45.8649,1895
"Harbourside",170.5313,-45.8678,1896
"Forbury",170.4903,-45.901,1897
"St Clair",170.4756,-45.9149,1898
"Strath Taieri",170.1227,-45.6329,1899
"Taieri",170.3663,-45.8271,1900
"Mosgiel East",170.3644,-45.8665,1901
"Mosgiel Central",170.3479,-45.8787,1902
"Wingatui",170.3863,-45.867,1903
"East Taieri",170.3519,-45.891,1904
"Fairfield (Dunedin City)",170.4008,-45.9016,1905
"Brighton",170.3743,-45.934,1906
"Caversham",170.482,-45.8968,1907
"Bruce",170.0866,-46.0725,1908
"Momona",170.2027,-45.9357,1909
"Halfway Bush",170.4665,-45.8571,1910
"Wakari",170.4862,-45.8584,1911
"Mornington",170.484,-45.8856,1912
"Pine Hill-Dalmore",170.5139,-45.8483,1913
"North East Valley Chingford",170.5297,-45.8468,1914
"Roseneath-Sawyers Bay",170.5913,-45.8281,1915
"Opoho",170.5419,-45.8552,1916
"Ravensbourne-St Leonards",170.5653,-45.8525,1917
"Bush Road",170.3383,-45.8731,1918
"Kenmure",170.4686,-45.8868,1919
"Saddle Hill-Chain Hills",170.3827,-45.9129,1920
"St Kilda South",170.5029,-45.9048,1921
"Bathgate Park",170.5,-45.8989,1922
"Campus West",170.5079,-45.8629,1923
"Abbotsford",170.4226,-45.8982,1924
"St Kilda North",170.5133,-45.9035,1925
"Andersons Bay",170.5368,-45.8983,1926
"Helensburgh",170.4834,-45.8494,1927
"Maryhill",170.4757,-45.8919,1928
"Fernhill",170.4932,-45.8846,1929
"Kew (Dunedin City)",170.4807,-45.9032,1930
"Musselburgh",170.5181,-45.8973,1931
"Belleknowes",170.4814,-45.8748,1932
"Normanby",170.5449,-45.8418,1933
"Waverley",170.5335,-45.8846,1934
"Concord",170.4603,-45.9047,1935
"Tainui",170.5278,-45.9035,1936
"Macandrew Bay-Company Bay",170.5941,-45.8717,1937
"Broad Bay-Portobello",170.6383,-45.8446,1938
"Otago Peninsula",170.6461,-45.8716,1939
"Clinton",169.363,-46.233,1940
"Balclutha South",169.7226,-46.2445,1941
"Balclutha North",169.7529,-46.2325,1942
"Waikaka",168.9804,-45.966,1943
"Gore West",168.9236,-46.1063,1944
"Gore Central",168.9452,-46.0999,1945
"Gore Main",168.9375,-46.1043,1946
"Gore South",168.9205,-46.1239,1947
"Invercargill Central",168.3285,-46.4149,1948
"Clutha Valley",169.6156,-46.1467,1949
"Milton",169.9675,-46.1217,1950
"Catlins",169.4652,-46.4596,1951
"West Otago",169.2129,-45.8354,1952
"Tuapeka",169.7151,-45.8828,1953
"Benhar-Stirling",169.778,-46.2372,1954
"Kaitangata-Matau",169.8572,-46.2646,1955
"Te Anau",167.723,-45.4135,1956
"Fiordland",167.3619,-45.3517,1957
"Whitestone",167.7541,-45.4417,1958
"Inland water Lake Te Anau",167.7307,-45.2108,1959
"Mararoa",167.9814,-45.2662,1960
"Riversdale-Piano Flat",169.0316,-45.4865,1961
"Lumsden-Balfour",168.61,-45.7492,1962
"Oreti River",168.3179,-46.0027,1963
"Winton",168.3238,-46.1449,1964
"Wyndham-Catlins",168.9919,-46.4728,1965
"Gladstone (Invercargill City)",168.3533,-46.3921,1966
"Georgetown",168.369,-46.4193,1967
"Ohai-Nightcaps",168.0261,-45.8909,1968
"Otautau",168.0535,-46.1925,1969
"Riverton",168.0126,-46.3701,1970
"Longwood Forest",167.673,-46.0171,1971
"Hedgehope",168.5658,-46.129,1972
"Wallacetown",168.2555,-46.3358,1973
"Edendale-Woodlands",168.6701,-46.3334,1974
"Gore North",168.9387,-46.0916,1975
"Waianiwa",168.3303,-46.2454,1976
"Prestonville-Grasmere",168.3417,-46.3802,1977
"Kew (Invercargill City)",168.3538,-46.4334,1978
"Rosedale",168.368,-46.3897,1979
"Newfield",168.3891,-46.4176,1980
"Windsor",168.3757,-46.3972,1981
"West Plains-Makarewa",168.279,-46.4816,1982
"Avenal",168.3527,-46.4007,1983
"Donovan Park",168.3566,-46.3753,1984
"Woodend-Greenhills",168.3747,-46.5212,1985
"Myross Bush",168.4042,-46.3714,1986
"Kennington-Tisbury",168.422,-46.4213,1987
"Awarua Plains",168.6041,-46.4827,1988
"Mataura",168.8733,-46.1874,1989
"Waimumu-Kaiwera",169.0731,-46.2079,1990
"East Gore",168.9614,-46.0896,1991
"Kingswell",168.371,-46.441,1992
"Otatara",168.2879,-46.4352,1993
"Hargest",168.3801,-46.3899,1994
"Glengarry",168.3881,-46.4018,1995
"Turnbull Thompson Park",168.3855,-46.4103,1996
"Bluff",168.3322,-46.6072,1997
"Richmond (Invercargill City)",168.3692,-46.4072,1998
"Crinan",168.3564,-46.4214,1999
"Strathern",168.3684,-46.4279,2000
"Moulson",168.3768,-46.4345,2001
"Clifton",168.3651,-46.4507,2002
"Aurora",168.3822,-46.4299,2003
"Elizabeth Park",168.387,-46.425,2004
"Inlet Bluff Harbour",168.3565,-46.5745,2005
"Herekino-Takahue",173.3724,-35.1896,2006
"Peria",173.4481,-35.1241,2007
"Hokianga North",173.3384,-35.3685,2008
"Pataua",174.4279,-35.697,2009
"Barrier Islands",175.4232,-36.2011,2010
"Wainui-Waiwera",174.5634,-36.5851,2011
"Hatfields Beach",174.6894,-36.57,2012
"Silverdale South (Auckland)",174.6916,-36.628,2013
"Okura Bush",174.7099,-36.6671,2014
"Army Bay",174.8233,-36.6051,2015
"Waitakere Ranges North",174.5,-36.8988,2016
"Oteha West",174.7169,-36.7221,2017
"Browns Bay South West",174.7299,-36.7218,2018
"Schnapper Rock",174.6869,-36.7562,2019
"Inlet Waitemata Harbour",174.705,-36.8382,2020
"Greenhithe South",174.6943,-36.7716,2021
"Birdwood West",174.5867,-36.8506,2022
"Totara Vale South",174.7257,-36.7658,2023
"Campbells Bay",174.7563,-36.7495,2024
"Ranui South West",174.5939,-36.8715,2025
"Hillcrest West (Auckland)",174.7283,-36.7979,2026
"Summerland South",174.6053,-36.8817,2027
"Waitakere Ranges South",174.5351,-36.9893,2028
"Northcote Tuff Crater",174.7509,-36.8075,2029
"McLaren Park",174.621,-36.8989,2030
"Avondale West (Auckland)",174.6846,-36.8947,2031
"New Lynn North",174.6719,-36.9017,2032
"New Windsor North",174.7125,-36.9024,2033
"Owairaka East",174.7215,-36.8948,2034
"Sandringham West",174.7308,-36.8925,2035
"Sandringham East",174.7383,-36.8931,2036
"Blockhouse Bay North East",174.7082,-36.9148,2037
"Three Kings West",174.7523,-36.9031,2038
"Epsom South",174.7662,-36.9044,2039
"Hillsborough South (Auckland)",174.7556,-36.9261,2040
"Remuera Waiatarua",174.8274,-36.8829,2041
"Onehunga North",174.7867,-36.9123,2042
"Oranga",174.8003,-36.9121,2043
"Mangere North",174.795,-36.9592,2044
"Otahuhu East",174.8627,-36.9327,2045
"Burswood",174.8974,-36.9225,2046
"Massey Road South",174.8223,-36.9719,2047
"Huntington Park",174.907,-36.9339,2048
"Redcastle",174.9053,-36.9431,2049
"Botany East",174.9226,-36.9322,2050
"East Tamaki Heights",174.9225,-36.9418,2051
"Ormiston East",174.9311,-36.982,2052
"Tuscany Heights",174.9551,-36.9792,2053
"Totara Heights",174.9002,-37.0016,2054
"Homai East",174.8855,-37.0133,2055
"Clendon Park West",174.8593,-37.0324,2056
"Hillpark North",174.8979,-37.0106,2057
"Randwick Park West",174.9136,-37.0262,2058
"Conifer Grove East",174.9154,-37.0439,2059
"Papakura East",174.9792,-37.0585,2060
"Cape Hill",174.9107,-37.188,2061
"Whatawhata West",175.1233,-37.7613,2062
"Rotokauri-Waiwhakareke",175.2114,-37.7554,2063
"Huntington",175.2837,-37.7437,2064
"Western Heights (Hamilton City)",175.2266,-37.7853,2065
"Nawton West",175.2336,-37.785,2066
"Temple View",175.2191,-37.8226,2067
"Fitzroy",175.3009,-37.8179,2068
"Te Pahu",175.1277,-37.9251,2069
"Pirongia Forest",174.9593,-38.0779,2070
"Parkdale",175.8736,-38.2092,2071
"Matakana Island",176.0571,-37.563,2072
"Kaimai",176.021,-37.8859,2073
"Pukehina Beach",176.5176,-37.7861,2074
"Bethlehem South",176.1068,-37.7253,2075
"Ohauiti",176.1616,-37.7493,2076
"Pacific View",176.2549,-37.6904,2077
"Arahiwi",176.0477,-38.113,2078
"Hamurana",176.251,-38.0303,2079
"Mokorua Bush",177.0024,-37.9613,2080
"Pirimai West",176.8787,-39.5133,2081
"Pirimai East",176.8824,-39.5183,2082
"Mount Messenger",174.6243,-38.9232,2083
"Mount Taylor",175.555,-40.2014,2084
"Pioneer West",175.5685,-40.3729,2085
"Hokowhitu South",175.6417,-40.3662,2086
"Kimberley",175.2985,-40.713,2087
"Peka Peka",175.0748,-40.8373,2088
"Otaihanga",175.0279,-40.8829,2089
"Pukerua Bay",174.8735,-41.0442,2090
"Camborne",174.8745,-41.089,2091
"Akatarawa",175.1334,-41.0166,2092
"Riverstone Terraces",175.0383,-41.1121,2093
"Woburn",174.9077,-41.2199,2094
"Naenae South",174.9505,-41.2095,2095
"Pencarrow",175.027,-41.2771,2096
"Ngaio North",174.7716,-41.2464,2097
"Broadmeadows",174.7933,-41.2351,2098
"Woodridge",174.8346,-41.2162,2099
"Brooklyn North",174.7559,-41.3043,2100
"Maupuia",174.8245,-41.2971,2101
"Southgate",174.7827,-41.3341,2102
"Kopuaranga",175.6379,-40.7982,2103
"Islands Tasman District",173.1524,-41.2738,2104
"Fairose",173.1809,-41.3534,2105
"Aniseed Valley",173.2089,-41.3864,2106
"Toi Toi",173.2617,-41.2854,2107
"Maitlands",173.243,-41.3088,2108
"Karamea",172.2645,-41.2923,2109
"Barrytown",171.4334,-42.3102,2110
"Oxford Estate",172.5766,-43.3096,2111
"Pegasus Bay",172.6901,-43.355,2112
"Silverstream (Waimakariri District)",172.6372,-43.3788,2113
"Brooklands-Spencerville",172.6864,-43.396,2114
"Regents Park",172.6026,-43.4706,2115
"Avonhead North",172.5573,-43.5065,2116
"Broomfield",172.5301,-43.5251,2117
"Avonhead West",172.5504,-43.5134,2118
"Wigram South",172.5547,-43.5564,2119
"Wigram East",172.5619,-43.5533,2120
"Broken Run",172.5606,-43.5595,2121
"Waimairi Beach",172.7195,-43.4812,2122
"Kennedys Bush",172.5839,-43.5967,2123
"Woolston West",172.6761,-43.5516,2124
"Hillsborough (Christchurch City)",172.6701,-43.5604,2125
"Governors Bay",172.6398,-43.6325,2126
"Banks Peninsula South",172.7263,-43.7808,2127
"Motukarara",172.5269,-43.7191,2128
"Ben McLeod",170.8909,-43.6847,2129
"Hadlow",171.1468,-44.3728,2130
"Kingston",168.5131,-45.1962,2131
"Glenleith",170.4996,-45.8432,2132
"Brockville",170.4616,-45.8669,2133
"Waldronville",170.4255,-45.9198,2134
"Calton Hill",170.4686,-45.8993,2135
"Corstorphine",170.4722,-45.9083,2136
"Shiel Hill",170.543,-45.8881,2137
"Grove Bush",168.4781,-46.3007,2138
"Stewart Island",167.8586,-46.9404,2139